Shipment_ID,Order_Date,Region,Shipping_Mode,Vehicle_Type,Distance_km,Package_Weight_kg,Expected_Delivery_Days,Delivery_Days,Shipping_Cost_INR,Delivery_Rating,Weather,Delivery_Status,Order_Year,Order_Month,Delivery_Delay_Days,Late_Flag,Distance_km_Normalized,Package_Weight_kg_Normalized,Shipping_Cost_INR_Normalized,Delivery_Days_Normalized
SHP10000,2025-01-01,South,Road,Truck,679.9,4.87,2,3.4,4383.32,4.0,Clear,In Transit,2025,1,1.4,1,0.01471915557709494,0.005316620380795116,0.004634059432309516,0.2685185185185185
SHP10001,2025-01-02,Central,Rail,Truck,521.7,4.99,1,2.7,2514.35,3.7,Rain,Cancelled,2025,1,1.7000000000000002,1,0.011202208873732277,0.005466736720958743,0.002295861744017214,0.20370370370370372
SHP10002,2025-01-03,West,Ship,Bike,740.9,9.2,7,8.2,7013.15,4.7,Clear,Delayed,2025,1,1.1999999999999993,1,0.016075247542361202,0.010733318321699317,0.007924140293212444,0.7129629629629628
SHP10003,2025-01-04,East,Air,Truck,414.4,5.24,3,4.3,1564.63,4.1,Storm,In Transit,2025,1,1.2999999999999998,1,0.008816820875813099,0.005779479096299632,0.0011077029675119919,0.3518518518518518
SHP10004,2025-01-05,North,Ship,Truck,263.1,6.85,4,3.6,2593.65,4.0,Clear,On Time,2025,1,-0.3999999999999999,0,0.005453268181636293,0.007793539993494958,0.0023950709751346636,0.28703703703703703
SHP10005,2025-01-06,North,Rail,Container,382.5,9.43,2,2.1,3473.68,4.5,Rain,On Time,2025,1,0.10000000000000009,1,0.008107651471026317,0.011021041307012936,0.003496043228101739,0.14814814814814814
SHP10006,2025-01-07,North,Air,Truck,151.1,8.62,4,4.6,2612.91,3.8,Clear,In Transit,2025,1,0.5999999999999996,1,0.0029633944093441405,0.010007756010908453,0.0024191664327805912,0.3796296296296296
SHP10007,2025-01-08,Central,Ship,Container,25000.0,4.92,6,6.5,1499.52,5.0,Clear,On Time,2025,1,0.5,1,0.5553796835192588,0.005379168855863294,0.0010262463087723052,0.5555555555555555
SHP10008,2025-01-09,East,Road,Truck,213.8,14.59,3,3.8,2014.05,3.5,Clear,On Time,2025,1,0.7999999999999998,1,0.004357279101511265,0.01747604393404889,0.0016699553338273025,0.3055555555555555
SHP10009,2025-01-10,West,Road,Van,881.9,10.57,4,6.4,3857.45,4.4,Clear,On Time,2025,1,2.4000000000000004,1,0.019209820773550428,0.012447146538567391,0.003976163362098505,0.5462962962962963
SHP10010,2025-01-11,North,Road,Truck,230.7,8.51,2,0.9,2703.6,4.9,Rain,Delayed,2025,1,-1.1,0,0.004732983268937491,0.009870149365758462,0.002532625262163208,0.037037037037037035
SHP10011,2025-01-12,Central,Ship,Truck,76.7,2.97,4,3.1,1960.79,3.1,Clear,On Time,2025,1,-0.8999999999999999,0,0.0013094068320357833,0.0029397783282043583,0.0016033237619569954,0.24074074074074073
SHP10012,2025-01-13,West,Ship,Bike,309.1,7.75,3,3.7,3098.71,3.8,Storm,Delayed,2025,1,0.7000000000000002,1,0.0064758949095419975,0.00891941254472216,0.003026932441315988,0.2962962962962963
SHP10013,2025-01-14,North,Road,Truck,228.4,4.43,2,1.6,1349.55,4.7,Clear,On Time,2025,1,-0.3999999999999999,0,0.004681851932542206,0.004766193800195151,0.0008386245131773002,0.10185185185185186
SHP10014,2025-01-15,North,Air,Van,702.5,10.06,3,7.4,2966.86,4.8,Rain,On Time,2025,1,4.4,1,0.01522157653471818,0.011809152092871977,0.0028619798924782117,0.6388888888888888
SHP10015,2025-01-16,North,Ship,Truck,842.9,0.62,2,3.7,2598.78,3.9,Storm,On Time,2025,1,1.7000000000000002,1,0.018342811156412984,0.0,0.0024014889241338127,0.2962962962962963
SHP10016,2025-01-17,South,Road,Truck,254.2,5.93,6,6.3,1746.87,3.5,Rain,On Time,2025,1,0.2999999999999998,1,0.005255412140802362,0.0066426480522404855,0.001335696539754665,0.537037037037037
SHP10017,2025-01-18,East,Rail,Bike,414.2,7.06,3,3.1,3196.14,4.6,Fog,In Transit,2025,1,0.10000000000000009,1,0.008812374672648293,0.008056243588781304,0.0031488234298124966,0.24074074074074073
SHP10018,2025-01-19,South,Ship,Truck,437.8,12.19,2,2.1,2675.94,4.8,Fog,On Time,2025,1,0.10000000000000009,1,0.009337026646095568,0.014473717130776352,0.0024980208821794923,0.14814814814814814
SHP10019,2025-01-20,South,Road,Van,334.2,1.44,3,3.5,5869.23,3.2,Clear,On Time,2025,1,0.5,1,0.007033893406725326,0.0010257949911181164,0.006493025240755031,0.27777777777777773
SHP10020,2025-01-21,East,Air,Bike,292.5,7.4,3,3.5,2250.49,3.2,Rain,On Time,2025,1,0.5,1,0.006106860046862982,0.008481573219244915,0.0019657564763923686,0.27777777777777773
SHP10021,2025-01-22,North,Road,Van,166.1,10.49,5,4.8,1984.99,4.1,Clear,On Time,2025,1,-0.20000000000000018,0,0.0032968596467046964,0.012347068978458307,0.001633599466787289,0.3981481481481481
SHP10022,2025-01-23,South,Ship,Bike,65.8,22.08,7,6.8,2202.41,4.4,Clear,On Time,2025,1,-0.20000000000000018,0,0.0010670887595537791,0.026845805499261924,0.001905605406630364,0.5833333333333333
SHP10023,2025-01-24,South,Ship,Truck,165.3,4.98,3,4.6,1391.34,3.8,Clear,On Time,2025,1,1.5999999999999996,1,0.003279074834045467,0.005454227025945108,0.0008909064018077947,0.3796296296296296
SHP10024,2025-01-25,East,Ship,Truck,325.9,8.99,5,6.9,2205.65,3.8,Rain,Cancelled,2025,1,1.9000000000000004,1,0.0068493759753858185,0.010470614726412971,0.001909658848103511,0.5925925925925926
SHP10025,2025-01-26,West,Road,Truck,100.7,1.52,4,4.4,2528.34,3.5,Clear,Delayed,2025,1,0.40000000000000036,1,0.0018429512118126729,0.001125872551227201,0.0023133641039583632,0.3611111111111111
SHP10026,2025-01-27,North,Ship,Container,399.6,7.14,2,1.2,2419.39,2.6,Clear,On Time,2025,1,-0.8,0,0.008487801841617352,0.008156321148890389,0.0021770608791128886,0.06481481481481481
SHP10027,2025-01-28,East,Ship,Bike,416.1952625,15.29,4,5.1,2117.77,3.7,Clear,On Time,2025,1,1.0999999999999996,1,0.0088567313848589,0.018351722585003376,0.001799715503455321,0.4259259259259259
SHP10028,2025-01-29,East,Road,Truck,228.7,22.22,3,4.9,2009.5,4.0,Storm,On Time,2025,1,1.9000000000000004,1,0.004688521237289417,0.027020941229452825,0.0016642630008943341,0.40740740740740744
SHP10029,2025-01-30,North,Ship,Van,283.5,9.58,4,5.8,1905.14,3.8,Clear,On Time,2025,1,1.7999999999999998,1,0.005906780904446648,0.01120868673221747,0.001533702151469151,0.4907407407407407
SHP10030,2025-01-31,East,Road,Truck,117.0,1.9,6,6.9,500000.0,3.2,Clear,Delayed,2025,1,0.9000000000000004,1,0.002205316769744477,0.0016012409617453525,0.6246813450790057,0.5925925925925926
SHP10031,2025-02-01,North,Rail,Van,594.1,7.06,3,5.3,4235.17,2.8,Clear,In Transit,2025,2,2.3,1,0.012811734419392562,0.008056243588781304,0.004448714569887698,0.4444444444444444
SHP10032,2025-02-02,North,Rail,Van,587.7,1.91,6,6.9,1939.62,3.7,Storm,On Time,2025,2,0.9000000000000004,1,0.012669455918118725,0.0016137506567589883,0.0015768387755414038,0.5925925925925926
SHP10033,2025-02-03,Central,Road,Bike,135.3,2.74,5,5.8,1410.03,4.6,Storm,In Transit,2025,2,0.7999999999999998,1,0.0026121443593243553,0.0026520553428907405,0.0009142887540093727,0.4907407407407407
SHP10034,2025-02-04,Central,Road,Van,138.6,17.84,3,2.5,2241.4,4.8,Rain,On Time,2025,2,-0.5,0,0.0026855067115436775,0.021541694813480446,0.001954384321148263,0.18518518518518517
SHP10035,2025-02-05,West,Air,Truck,167.1,6.77,4,4.5,1046.64,4.8,Fog,On Time,2025,2,0.5,1,0.0033190906625287335,0.007693462433385873,0.0004596652673035725,0.37037037037037035
SHP10036,2025-02-06,South,Road,Truck,500.7,4.56,3,5.0,2027.4,3.5,Clear,On Time,2025,2,2.0,1,0.010735357541427498,0.004928819835372413,0.001686657013971287,0.41666666666666663
SHP10037,2025-02-07,North,Air,Truck,436.9,11.46,7,7.0,2196.14,3.3,Storm,On Time,2025,2,0.0,0,0.009317018731853933,0.013560509394780958,0.0018977612467425153,0.6018518518518519
SHP10038,2025-02-08,West,Road,Truck,675.0,8.05,4,4.1,2549.03,4.3,Clear,Cancelled,2025,2,0.09999999999999964,1,0.01461022359955716,0.009294703395131228,0.002339248580526081,0.33333333333333326
SHP10039,2025-02-09,East,Road,Truck,723.5,14.4,1,2.1,3442.57,4.4,Clear,On Time,2025,2,1.1,1,0.015688427867022958,0.017238359728789815,0.0034571226835864322,0.14814814814814814
SHP10040,2025-02-10,North,Rail,Bike,92.6,8.31,3,2.9,1604.1,4.3,Clear,On Time,2025,2,-0.10000000000000009,0,0.0016628799836379724,0.009619955465485752,0.0011570823918777638,0.2222222222222222
SHP10041,2025-02-11,East,Air,Van,489.0,8.45,4,5.3,2264.56,2.7,Rain,Cancelled,2025,2,1.2999999999999998,1,0.010475254656286265,0.009795091195676649,0.0019833589213081636,0.4444444444444444
SHP10042,2025-02-12,North,Road,Van,705.3,14.07,1,1.6,3577.72,3.4,Fog,In Transit,2025,2,0.6000000000000001,1,0.015283823379025481,0.01682553979333984,0.0036262037376283396,0.10185185185185186
SHP10043,2025-02-13,Central,Rail,Truck,270.4,6.7,1,3.1,3955.95,4.0,Clear,In Transit,2025,2,2.1,1,0.005615554597151762,0.007605894568290425,0.004099392987130898,0.24074074074074073
SHP10044,2025-02-14,South,Ship,Bike,340.2,3.55,3,2.2,3858.39,4.3,Storm,Cancelled,2025,2,-0.7999999999999998,0,0.007167279501669549,0.003665340638995221,0.003977339360550591,0.1574074074074074
SHP10045,2025-02-15,West,Rail,Container,304.9,11.91,3,4.7,1508.56,4.5,Clear,On Time,2025,2,1.7000000000000002,1,0.00638252464308104,0.014123445670394558,0.001037555910907258,0.3888888888888889
SHP10046,2025-02-16,South,Road,Truck,314.7,5.77,3,2.7,2558.97,4.1,Clear,In Transit,2025,2,-0.2999999999999998,0,0.006600388598156604,0.006442492932022316,0.0023516841386257963,0.20370370370370372
SHP10047,2025-02-17,East,Road,Container,592.8,8.78,2,1.1,2710.38,4.2,Clear,Delayed,2025,2,-0.8999999999999999,0,0.012782834098821312,0.010207911131126624,0.0025411074637644226,0.05555555555555556
SHP10048,2025-02-18,East,Ship,Van,986.1,1.26,2,3.6,3533.45,4.1,Rain,In Transit,2025,2,1.6,1,0.02152629262241509,0.0008006204808726764,0.003570819214783831,0.28703703703703703
SHP10049,2025-02-19,North,Road,Truck,813.1,6.51,4,4.9,2990.22,4.4,Fog,In Transit,2025,2,0.9000000000000004,1,0.01768032688485668,0.007368210363031349,0.002891204705074726,0.40740740740740744
SHP10050,2025-02-20,Central,Ship,Van,236.9,4.81,3,2.2,1982.47,4.2,Clear,On Time,2025,2,-0.7999999999999998,0,0.0048708155670465205,0.005241562210713302,0.0016304467900859526,0.1574074074074074
SHP10051,2025-02-21,West,Rail,Van,415.1,1.23,2,0.9,2273.48,4.0,Rain,In Transit,2025,2,-1.1,0,0.008832382586889927,0.0007630913958317696,0.001994518395981148,0.037037037037037035
SHP10052,2025-02-22,Central,Ship,Truck,187.8,6.66,3,3.3,1527.72,3.8,Clear,On Time,2025,2,0.2999999999999998,1,0.0037792726900863012,0.007555855788235883,0.0010615262623348788,0.25925925925925924
SHP10053,2025-02-23,Central,Air,Bike,203.2,6.82,4,5.3,1426.0,4.1,Rain,On Time,2025,2,1.2999999999999998,1,0.004121630333776471,0.007756010908454052,0.0009342682170730003,0.4444444444444444
SHP10054,2025-02-24,East,Ship,Container,329.7,9.23,1,2.1,1995.31,4.3,Storm,On Time,2025,2,1.1,1,0.00693385383551716,0.010770847406740225,0.001646510428516571,0.14814814814814814
SHP10055,2025-02-25,Central,Road,Van,198.9,15.12,2,2.3,2345.41,4.2,Clear,Cancelled,2025,2,0.2999999999999998,1,0.004026036965733113,0.018139057769771573,0.0020845072988093715,0.16666666666666663
SHP10056,2025-02-26,North,Air,Van,222.6,13.56,1,1.8,2649.2,4.2,Fog,On Time,2025,2,0.8,1,0.004552912040762791,0.016187545347644425,0.0024645674794042008,0.12037037037037036
SHP10057,2025-02-27,North,Road,Truck,408.4,5.07,5,5.6,3013.79,4.9,Rain,On Time,2025,2,0.5999999999999996,1,0.008683434780868877,0.005566814281067828,0.0029206922407296852,0.47222222222222215
SHP10058,2025-02-28,North,Road,Van,484.5,8.17,5,4.3,2275.37,4.2,Clear,On Time,2025,2,-0.7000000000000002,0,0.010375215085078097,0.009444819735294853,0.00199688290350715,0.3518518518518518
SHP10059,2025-03-01,South,Rail,Van,476.0,10.15,5,4.3,2819.19,3.6,Storm,Cancelled,2025,3,-0.7000000000000002,0,0.010186251450573783,0.011921739347994698,0.0026772355399042676,0.3518518518518518
SHP10060,2025-03-02,South,Ship,Truck,479.1,5.18,4,4.5,3293.09,4.6,Clear,On Time,2025,3,0.5,1,0.010255167599628297,0.0057044209262178186,0.003270113908461131,0.37037037037037035
SHP10061,2025-03-03,South,Ship,Van,124.3,2.06,4,4.0,2646.51,3.1,Clear,In Transit,2025,3,0.0,0,0.0023676031852599474,0.0018013960819635217,0.002461202122131743,0.32407407407407407
SHP10062,2025-03-04,West,Air,Container,191.1,6.15,3,4.1,1809.05,3.3,Clear,In Transit,2025,3,1.0999999999999996,1,0.003852635042305623,0.006917861342540469,0.0014134875862979565,0.33333333333333326
SHP10063,2025-03-05,South,Road,Van,416.1952625,15.54,4,5.3,2399.07,4.2,Clear,On Time,2025,3,1.2999999999999998,1,0.0088567313848589,0.018664464960344268,0.0021516392955529067,0.4444444444444444
SHP10064,2025-03-06,South,Road,Truck,685.0,1.98,1,2.6,2922.6,3.8,Fog,On Time,2025,3,1.6,1,0.014832533757797531,0.001701318521854437,0.002806607880255534,0.19444444444444445
SHP10065,2025-03-07,East,Air,Container,1327.1,3.27,4,5.6,3678.05,3.2,Rain,In Transit,2025,3,1.5999999999999996,1,0.02910706901841173,0.003315069178613425,0.003751722806455751,0.47222222222222215
SHP10066,2025-03-08,North,Road,Truck,426.4,3.85,5,4.2,2162.37,3.8,Storm,Cancelled,2025,3,-0.7999999999999998,0,0.009083593065701544,0.004040631489404288,0.001855512876820242,0.34259259259259256
SHP10067,2025-03-09,West,Road,Truck,556.5,3.3,3,4.2,3165.14,3.6,Clear,In Transit,2025,3,1.2000000000000002,1,0.011975848224408768,0.003352598263654332,0.003110040502137327,0.34259259259259256
SHP10068,2025-03-10,North,Road,Truck,112.6,11.5,3,3.7,2375.37,3.7,Clear,On Time,2025,3,0.7000000000000002,1,0.0021075003001187137,0.013610548174835499,0.002121989121814148,0.2962962962962963
SHP10069,2025-03-11,Central,Road,Truck,546.8,4.41,2,0.5,2401.87,4.6,Clear,In Transit,2025,3,-1.5,0,0.011760207370915607,0.0047411744101678805,0.0021551422696655027,0.0
SHP10070,2025-03-12,West,Road,Container,1112.8,11.71,4,4.8,4224.15,4.5,Clear,On Time,2025,3,0.7999999999999998,1,0.024342962327320587,0.013873251770121846,0.004434927864630267,0.3981481481481481
SHP10071,2025-03-13,North,Road,Van,190.5,7.4,4,3.6,1448.14,4.0,Storm,Delayed,2025,3,-0.3999999999999999,0,0.003839296432811201,0.008481573219244915,0.0009619667338061699,0.28703703703703703
SHP10072,2025-03-14,North,Road,Truck,228.2,1.6,6,6.4,2342.59,3.6,Rain,In Transit,2025,3,0.40000000000000036,1,0.004677405729377398,0.0012259501113362859,0.0020809793034531144,0.5462962962962963
SHP10073,2025-03-15,West,Road,Bike,604.8,5.27,3,3.1,2676.2,3.1,Clear,On Time,2025,3,0.10000000000000009,1,0.013049606288709758,0.005817008181340538,0.0024983461583470905,0.24074074074074073
SHP10074,2025-03-16,West,Ship,Bike,352.3,13.83,5,5.5,2300.41,4.9,Fog,In Transit,2025,3,0.5,1,0.0074362747931403985,0.016525307113012585,0.002028209500571222,0.4629629629629629
SHP10075,2025-03-17,West,Road,Bike,60.5,8.0,4,3.9,1406.42,4.4,Fog,Delayed,2025,3,-0.10000000000000009,0,0.0009492643756863827,0.00923215492006305,0.0009097724195284902,0.31481481481481477
SHP10076,2025-03-18,West,Road,Truck,238.7,5.58,6,6.2,1891.2,3.5,Clear,In Transit,2025,3,0.20000000000000018,1,0.004910831395529787,0.006204808726763242,0.0015162623446371556,0.5277777777777778
SHP10077,2025-03-19,North,Rail,Van,840.8,15.66,3,3.5,3345.21,4.5,Fog,On Time,2025,3,0.5,1,0.018296126023182504,0.018814581300507893,0.0033353192694427383,0.27777777777777773
SHP10078,2025-03-20,South,Road,Bike,282.0,3.01,3,2.8,2466.34,4.0,Clear,On Time,2025,3,-0.20000000000000018,0,0.005873434380710593,0.0029898171082589,0.0022357982486080246,0.21296296296296294
SHP10079,2025-03-21,North,Ship,Container,281.8,4.54,4,3.3,1754.01,3.8,Clear,In Transit,2025,3,-0.7000000000000002,0,0.005868988177545785,0.0049038004453451425,0.0013446291237417848,0.25925925925925924
SHP10080,2025-03-22,Central,Air,Truck,580.3,12.98,5,6.2,4641.61,4.3,Clear,On Time,2025,3,1.2000000000000002,1,0.01250494640102085,0.015461983036853564,0.004957196283574661,0.5277777777777778
SHP10081,2025-03-23,West,Road,Truck,436.8,11.34,7,8.2,4071.01,3.5,Clear,On Time,2025,3,1.1999999999999993,1,0.00931479563027153,0.01341039305461733,0.004243340201914931,0.7129629629629628
SHP10082,2025-03-24,South,Road,Van,270.9,2.81,1,0.6,1436.55,3.8,Clear,Cancelled,2025,3,-0.4,0,0.00562667010506378,0.002739623207986189,0.0009474669231043886,0.009259259259259257
SHP10083,2025-03-25,North,Ship,Bike,216.8,9.92,1,2.8,2083.49,4.1,Clear,On Time,2025,3,1.7999999999999998,1,0.004423972148983376,0.011634016362681078,0.0017568290918196817,0.21296296296296294
SHP10084,2025-03-26,South,Ship,Van,1718.2,4.36,6,8.1,4780.01,3.7,Clear,Cancelled,2025,3,2.0999999999999996,1,0.03780161930719263,0.004678625935099702,0.005130343289711547,0.7037037037037036
SHP10085,2025-03-27,South,Road,Van,754.5,1.18,3,5.6,2713.87,4.4,Rain,On Time,2025,3,2.5999999999999996,1,0.01637758935756811,0.0007005429207635917,0.0025454736707833363,0.47222222222222215
SHP10086,2025-03-28,West,Rail,Truck,479.0,5.66,4,4.0,4897.71,5.0,Storm,On Time,2025,3,0.0,0,0.010252944498045894,0.006304886286872326,0.005277593308658884,0.32407407407407407
SHP10087,2025-03-29,West,Road,Van,499.4,23.14,3,1.7,2931.93,3.5,Fog,In Transit,2025,3,-1.3,0,0.010706457220856249,0.0281718331707073,0.002818280290423577,0.1111111111111111
SHP10088,2025-03-30,Central,Ship,Container,316.1,13.99,1,1.9,2662.6,2.9,Clear,Delayed,2025,3,0.8999999999999999,1,0.006631512020310257,0.016725462233230754,0.0024813317126573388,0.12962962962962962
SHP10089,2025-03-31,East,Road,Truck,433.3,6.93,5,5.9,2828.08,2.7,Clear,Delayed,2025,3,0.9000000000000004,1,0.0092369870748874,0.007893617553604043,0.0026883574827117587,0.5
SHP10090,2025-04-01,North,Ship,Container,292.6,1.88,5,5.5,1408.52,3.9,Clear,On Time,2025,4,0.5,1,0.006109083148445386,0.0015762215717180813,0.000912399650112937,0.4629629629629629
SHP10091,2025-04-02,West,Rail,Bike,177.1,1.21,3,2.6,1189.22,3.6,Clear,In Transit,2025,4,-0.3999999999999999,0,0.0035414008207691043,0.0007380720058044985,0.0006380417133656903,0.19444444444444445
SHP10092,2025-04-03,West,Rail,Truck,444.7,7.41,3,3.6,1862.03,4.1,Rain,On Time,2025,4,0.6000000000000001,1,0.009490420655281422,0.00849408291425855,0.001479768860757004,0.28703703703703703
SHP10093,2025-04-04,East,Rail,Van,274.6,9.48,5,4.9,1680.42,4.1,Rain,On Time,2025,4,-0.09999999999999964,0,0.0057089248636127184,0.011083589782081115,0.001252563457689665,0.40740740740740744
SHP10094,2025-04-05,West,Road,Truck,460.3,11.59,1,1.4,1671.08,3.0,Rain,On Time,2025,4,0.3999999999999999,1,0.0098372245021364,0.01372313542995822,0.0012408785368997913,0.08333333333333331
SHP10095,2025-04-06,East,Road,Container,518.4,600.0,6,7.6,3150.53,2.8,Rain,Delayed,2025,4,1.5999999999999996,1,0.011128846521512954,0.7498060997272886,0.003091762483642675,0.6574074074074073
SHP10096,2025-04-07,East,Road,Van,476.5,11.33,2,2.9,5195.96,4.2,Clear,On Time,2025,4,0.8999999999999999,1,0.010197366958485802,0.013397883359603693,0.005650722604759506,0.2222222222222222
SHP10097,2025-04-08,South,Road,Van,165.8,8.7,4,4.8,1983.88,4.1,Clear,On Time,2025,4,0.7999999999999998,1,0.0032901903419574855,0.010107833571017539,0.0016322107877640814,0.3981481481481481
SHP10098,2025-04-09,North,Air,Container,253.5,15.44,6,6.1,1654.26,3.7,Rain,On Time,2025,4,0.09999999999999964,1,0.005239850429725536,0.01853936801020791,0.0012198356709805542,0.5185185185185185
SHP10099,2025-04-10,North,Road,Truck,278.5,4.8,4,4.1,1631.75,2.9,Clear,On Time,2025,4,0.09999999999999964,1,0.005795625825326463,0.005229052515699667,0.0011916742612396488,0.33333333333333326
SHP10100,2025-04-11,North,Road,Bike,647.6,7.34,3,2.8,2623.26,4.3,Clear,On Time,2025,4,-0.20000000000000018,0,0.014001093765978545,0.0084065150491631,0.002432114926375366,0.21296296296296294
SHP10101,2025-04-12,West,Ship,Van,626.3,1.61,4,4.5,2126.72,4.8,Clear,Delayed,2025,4,0.5,1,0.013527573128926555,0.0012384598063499214,0.0018109125099937972,0.37037037037037035
SHP10102,2025-04-13,South,Ship,Truck,200.0,4.73,3,0.5,2550.71,4.2,Clear,On Time,2025,4,-2.5,0,0.004050491083139553,0.005141484650604219,0.0023413503649936385,0.0
SHP10103,2025-04-14,East,Ship,Van,121.8,13.73,2,1.6,2640.99,3.4,Clear,In Transit,2025,4,-0.3999999999999999,0,0.002312025645699855,0.01640021016287623,0.0024542962588811963,0.10185185185185186
SHP10104,2025-04-15,Central,Ship,Container,1365.9,11.09,7,8.9,4035.07,4.0,Fog,Delayed,2025,4,1.9000000000000004,1,0.02996963243238437,0.01309765067927644,0.004198377027055396,0.7777777777777778
SHP10105,2025-04-16,South,Road,Truck,464.1,0.89,5,6.2,2858.03,3.1,Fog,On Time,2025,4,1.2000000000000002,1,0.009921702362267743,0.00033776176536816035,0.0027258267950947056,0.5277777777777778
SHP10106,2025-04-17,South,Road,Bike,108.3,24.25,4,3.9,3893.66,4.7,Clear,Delayed,2025,4,-0.10000000000000009,0,0.0020119069320753543,0.029560409317220846,0.004021464323747469,0.31481481481481477
SHP10107,2025-04-18,West,Air,Bike,225.4,8.01,3,3.7,4227.19,4.1,Clear,On Time,2025,4,0.7000000000000002,1,0.004615158885070095,0.009244664615076684,0.0044387310936668,0.2962962962962963
SHP10108,2025-04-19,North,Air,Truck,665.0,8.12,1,0.5,7606.98,2.9,Rain,In Transit,2025,4,-0.5,0,0.014387913441316789,0.009382271260226675,0.00866705854938489,0.0
SHP10109,2025-04-20,North,Road,Bike,1165.7,4.5,1,2.6,3460.01,3.8,Clear,Cancelled,2025,4,1.6,1,0.025518983064412148,0.0048537616652906,0.0034789412080591725,0.19444444444444445
SHP10110,2025-04-21,South,Ship,Truck,1048.1,5.29,4,3.8,8220.11,4.3,Clear,On Time,2025,4,-0.20000000000000018,0,0.022904615603505388,0.00584202757136781,0.009434122305690589,0.3055555555555555
SHP10111,2025-04-22,North,Road,Truck,451.2,7.95,5,4.4,2268.32,3.8,Clear,Delayed,2025,4,-0.5999999999999996,0,0.009634922258137663,0.009169606444994871,0.001988062915116507,0.3611111111111111
SHP10112,2025-04-23,Central,Road,Truck,346.8,10.67,4,4.3,2011.34,3.8,Clear,On Time,2025,4,0.2999999999999998,1,0.0073140042061081946,0.012572243488703746,0.001666564955311183,0.3518518518518518
SHP10113,2025-04-24,West,Rail,Bike,153.2,7.06,5,6.5,2102.52,3.2,Fog,On Time,2025,4,1.5,1,0.003010079542574618,0.008056243588781304,0.0017806368051635037,0.5555555555555555
SHP10114,2025-04-25,West,Rail,Van,367.5,4.78,1,1.9,1855.75,4.4,Fog,In Transit,2025,4,0.8999999999999999,1,0.007774186233665761,0.005204033125672396,0.0014719121902473248,0.12962962962962962
SHP10115,2025-04-26,Central,Rail,Truck,170.4,3.51,3,3.3,2007.14,3.6,Clear,On Time,2025,4,0.2999999999999998,1,0.0033924530147480558,0.0036153018589406786,0.0016613104941422892,0.25925925925925924
SHP10116,2025-04-27,West,Road,Truck,255.3,3.32,2,2.3,1264.23,2.6,Clear,On Time,2025,4,0.2999999999999998,1,0.005279866258208803,0.003377617653681603,0.0007318838877177695,0.16666666666666663
SHP10117,2025-04-28,Unknown,Ship,Van,604.4,14.44,3,3.1,2897.91,3.8,Clear,On Time,2025,4,0.10000000000000009,1,0.013040713882380144,0.017288398508844356,0.0027757191549555357,0.24074074074074073
SHP10118,2025-04-29,Central,Road,Truck,291.5,13.32,1,0.9,3565.42,4.6,Clear,Delayed,2025,4,-0.09999999999999998,0,0.006084629031038944,0.01588731266731717,0.0036108156727765787,0.037037037037037035
SHP10119,2025-04-30,East,Road,Bike,277.6,10.01,7,7.8,2135.59,3.7,Storm,On Time,2025,4,0.7999999999999998,1,0.005775617911084829,0.011746603617803799,0.0018220094315576283,0.6759259259259258
SHP10120,2025-05-01,West,Ship,Container,333.8,14.38,2,1.1,2547.78,5.0,Rain,Cancelled,2025,5,-0.8999999999999999,0,0.0070250010003957124,0.017213340338762543,0.002337684752797244,0.05555555555555556
SHP10121,2025-05-02,Central,Ship,Van,1490.5,6.54,6,8.7,5082.03,4.3,Clear,On Time,2025,5,2.6999999999999993,1,0.03273961700405938,0.007405739448072256,0.005508189090242342,0.7592592592592592
SHP10122,2025-05-03,South,Ship,Bike,140.0,12.57,3,2.8,3055.32,4.2,Rain,On Time,2025,5,-0.20000000000000018,0,0.0027166301336973295,0.014949085541294505,0.002972648853192582,0.21296296296296294
SHP10123,2025-05-04,North,Ship,Truck,419.8,10.37,7,8.4,1774.17,3.9,Fog,Delayed,2025,5,1.4000000000000004,1,0.0089368683612629,0.012196952638294678,0.0013698505373524756,0.7314814814814815
SHP10124,2025-05-05,North,Rail,Bike,990.6,7.06,4,6.4,4298.49,4.0,Fog,On Time,2025,5,2.4000000000000004,1,0.021626332193623258,0.008056243588781304,0.004527931827319689,0.5462962962962963
SHP10125,2025-05-06,South,Rail,Van,333.1,3.06,6,4.8,1885.71,3.8,Clear,Delayed,2025,5,-1.2000000000000002,0,0.007009439289318887,0.0030523655833270785,0.0015093940132521013,0.3981481481481481
SHP10126,2025-05-07,West,Road,Van,745.7,8.61,1,1.5,3270.18,3.8,Clear,On Time,2025,5,0.5,1,0.01618195641831658,0.009995246315894818,0.003241452073846998,0.09259259259259259
SHP10127,2025-05-08,Central,Road,Truck,114.8,5.51,5,4.3,2616.47,4.3,Rain,On Time,2025,5,-0.7000000000000002,0,0.0021564085349315954,0.006117240861667792,0.0024236202141523205,0.3518518518518518
SHP10128,2025-05-09,North,Road,Bike,298.5,1.02,6,4.6,1320.81,3.4,Clear,On Time,2025,5,-1.4000000000000004,0,0.006240246141807204,0.0005003878005454227,0.0008026689860358689,0.3796296296296296
SHP10129,2025-05-10,East,Road,Truck,185.2,15.98,2,1.2,1661.14,3.3,Storm,Cancelled,2025,5,-0.8,0,0.0037214720489438043,0.01921489154094423,0.0012284429788000759,0.06481481481481481
SHP10130,2025-05-11,South,Air,Truck,330.6,13.34,1,3.9,1612.23,3.3,Rain,Delayed,2025,5,2.9,1,0.0069538617497587945,0.015912332057344443,0.001167253527426123,0.31481481481481477
SHP10131,2025-05-12,North,Road,Truck,335.6,9.14,3,4.1,1954.24,5.0,Storm,In Transit,2025,5,1.0999999999999996,1,0.00706501682887898,0.010658260151617506,0.001595129304657887,0.33333333333333326
SHP10132,2025-05-13,North,Road,Van,360.5,3.69,6,8.4,3441.55,4.3,Clear,On Time,2025,5,2.4000000000000004,1,0.007618569122897502,0.003840476369186119,0.0034558466001597004,0.7314814814814815
SHP10133,2025-05-14,South,Road,Van,600.8,1.55,4,5.7,2510.2,4.2,Fog,Delayed,2025,5,1.7000000000000002,1,0.012960682225413609,0.0011634016362681078,0.0022906698359574733,0.48148148148148145
SHP10134,2025-05-15,Central,Air,Container,41.0,1.01,3,2.3,705.49,3.3,Clear,On Time,2025,5,-0.7000000000000002,0,0.0005157595671176599,0.00048787810553178716,3.286540354924838e-05,0.16666666666666663
SHP10135,2025-05-16,South,Road,Bike,217.8,4.7,2,1.9,1571.52,4.4,Storm,Cancelled,2025,5,-0.10000000000000009,0,0.004446203164807413,0.005103955565563312,0.001116322785953344,0.12962962962962962
SHP10136,2025-05-17,East,Ship,Truck,400.7,11.44,1,2.2,1816.62,3.9,Clear,In Transit,2025,5,1.2000000000000002,1,0.008512255959023792,0.013535490004753684,0.0014229581270237962,0.1574074074074074
SHP10137,2025-05-18,West,Road,Container,63.5,5.56,5,5.5,987.02,4.1,Clear,In Transit,2025,5,0.5,1,0.001015957423158494,0.00617978933673597,0.00038507693994894006,0.4629629629629629
SHP10138,2025-05-19,South,Road,Truck,522.6,10.1,1,1.2,3004.17,3.4,Fog,On Time,2025,5,0.19999999999999996,1,0.01122221678797391,0.011859190872926518,0.0029086570225285518,0.06481481481481481
SHP10139,2025-05-20,Central,Rail,Bike,214.7,10.44,4,2.8,1473.21,4.1,Clear,On Time,2025,5,-1.2000000000000002,0,0.004377287015752898,0.012284520503390128,0.0009933308627357341,0.21296296296296294
SHP10140,2025-05-21,Central,Ship,Container,302.6,11.33,6,9.7,3297.16,3.7,Clear,On Time,2025,5,3.6999999999999993,1,0.006331393306685756,0.013397883359603693,0.0032752057315462253,0.8518518518518517
SHP10141,2025-05-22,South,Road,Van,618.4,1.33,2,2.7,2572.5,3.5,Storm,Cancelled,2025,5,0.7000000000000002,1,0.013351948103916662,0.0008881883459681254,0.0023686110099627334,0.20370370370370372
SHP10142,2025-05-23,East,Rail,Container,767.2,3.96,4,4.8,3096.83,4.5,Clear,On Time,2025,5,0.7999999999999998,1,0.01665992325853338,0.004178238134554279,0.003024580444411816,0.3981481481481481
SHP10143,2025-05-24,South,Rail,Truck,533.0,9.97,1,1.9,2561.47,3.0,Rain,On Time,2025,5,0.8999999999999999,1,0.011453419352543896,0.011696564837749257,0.0023548117940834713,0.12962962962962962
SHP10144,2025-05-25,South,Road,Van,136.7,18.27,4,4.0,2794.13,4.4,Clear,On Time,2025,5,0.0,0,0.002643267781478007,0.022079611699066776,0.0026458839215965334,0.32407407407407407
SHP10145,2025-05-26,North,Ship,Container,515.8,15.04,2,2.9,3525.64,4.4,Fog,On Time,2025,5,0.8999999999999999,1,0.011071045880370457,0.01803898020966249,0.0035610484191340554,0.2222222222222222
SHP10146,2025-05-27,East,Air,Van,538.6,8.82,5,7.1,2950.83,3.4,Rain,On Time,2025,5,2.0999999999999996,1,0.011577913041158504,0.010257949911181168,0.002841925365683599,0.611111111111111
SHP10147,2025-05-28,East,Rail,Truck,471.5,16.09,3,3.5,3253.92,3.5,Clear,In Transit,2025,5,0.5,1,0.010086211879365616,0.019352498186094223,0.0032211098027502797,0.27777777777777773
SHP10148,2025-05-29,North,Ship,Van,846.2,8.77,3,3.0,3247.12,3.9,Clear,Delayed,2025,5,0.0,0,0.018416173508632307,0.010195401436112988,0.003212602579905404,0.23148148148148145
SHP10149,2025-05-30,North,Ship,Container,367.0,1.94,4,4.4,2508.36,4.2,Rain,In Transit,2025,5,0.40000000000000036,1,0.007763070725753743,0.0016512797417998948,0.002288367881540625,0.3611111111111111
SHP10150,2025-05-31,Central,Air,Truck,825.9,11.2,2,2.7,3215.41,3.9,Clear,In Transit,2025,5,0.7000000000000002,1,0.017964883887404352,0.01323525732442643,0.0031729313980802545,0.20370370370370372
SHP10151,2025-06-01,North,Ship,Truck,822.8,15.38,5,7.6,3561.92,4.3,Clear,On Time,2025,6,2.5999999999999996,1,0.01789596773834984,0.0184643098401261,0.003606436955135834,0.6574074074074073
SHP10152,2025-06-02,North,Air,Container,548.5,22.0,3,5.0,3018.75,5.0,Rain,On Time,2025,6,2.0,1,0.011798000097816471,0.026745727939152843,0.002926897509157712,0.41666666666666663
SHP10153,2025-06-03,East,Air,Container,424.3,4.6,4,4.7,2036.95,3.7,Clear,On Time,2025,6,0.7000000000000002,1,0.009036907932471068,0.004978858615426955,0.0016986046578196053,0.3888888888888889
SHP10154,2025-06-04,Central,Rail,Truck,473.3,2.8,2,1.4,1968.9,2.9,Clear,Cancelled,2025,6,-0.6000000000000001,0,0.010126227707848883,0.0027271135129725535,0.0016134698762616932,0.08333333333333331
SHP10155,2025-06-05,South,Air,Truck,961.4,12.59,4,4.1,4123.22,4.5,Rain,On Time,2025,6,0.09999999999999964,1,0.020977186531561377,0.014974104931321775,0.004308658158493015,0.33333333333333326
SHP10156,2025-06-06,West,Road,Truck,684.4,9.56,2,3.0,4332.26,5.0,Clear,On Time,2025,6,1.0,1,0.014819195148303108,0.0111836673421902,0.004570180197241963,0.23148148148148145
SHP10157,2025-06-07,West,Ship,Truck,150.7,8.98,3,3.6,2953.77,4.3,Clear,On Time,2025,6,0.6000000000000001,1,0.0029545020030145256,0.010458105031399337,0.0028456034885018253,0.28703703703703703
SHP10158,2025-06-08,North,Ship,Van,453.7,16.24,2,2.3,2173.76,3.3,Clear,On Time,2025,6,0.2999999999999998,1,0.009690499797697757,0.019540143611298754,0.0018697624750854097,0.16666666666666663
SHP10159,2025-06-09,West,Road,Container,177.7,12.56,5,4.8,3293.36,3.9,Rain,On Time,2025,6,-0.20000000000000018,0,0.003554739430263526,0.014936575846280869,0.0032704516952505604,0.3981481481481481
SHP10160,2025-06-10,South,Ship,Van,416.1952625,10.19,2,1.7,1835.62,3.3,Rain,On Time,2025,6,-0.30000000000000004,0,0.0088567313848589,0.011971778128049239,0.0014467283085021257,0.1111111111111111
SHP10161,2025-06-11,West,Road,Van,262.9,5.06,6,6.4,2441.97,4.4,Rain,In Transit,2025,6,0.40000000000000036,1,0.005448821978471484,0.005554304586054192,0.0022053098632066085,0.5462962962962963
SHP10162,2025-06-12,West,Road,Truck,105.3,11.89,6,3.8,1384.07,3.1,Clear,In Transit,2025,6,-2.2,0,0.0019452138846032432,0.014098426280367286,0.0008818111797368759,0.3055555555555555
SHP10163,2025-06-13,East,Road,Container,168.5,2.71,2,1.1,1775.95,3.8,Clear,On Time,2025,6,-0.8999999999999999,0,0.0033502140846823855,0.0026145262578498333,0.0013720774280383402,0.05555555555555556
SHP10164,2025-06-14,North,Road,Van,875.2,8.75,4,4.6,3671.91,3.3,Clear,On Time,2025,6,0.5999999999999996,1,0.019060872967529383,0.010170382046085717,0.0037440412846517007,0.3796296296296296
SHP10165,2025-06-15,West,Ship,Bike,208.8,6.99,1,2.5,1239.65,4.1,Clear,In Transit,2025,6,1.5,1,0.004246124022391079,0.007968675723685857,0.0007011327792579095,0.18518518518518517
SHP10166,2025-06-16,South,Ship,Van,603.0,1.86,3,3.0,3085.19,3.8,Storm,On Time,2025,6,0.0,0,0.013009590460226492,0.0015512021816908106,0.0030100180806008825,0.23148148148148145
SHP10167,2025-06-17,North,Rail,Truck,390.1,9.58,4,4.7,3734.4,4.1,Clear,In Transit,2025,6,0.7000000000000002,1,0.008276607191289,0.01120868673221747,0.0038222201604717447,0.3888888888888889
SHP10168,2025-06-18,North,Road,Van,501.3,4.61,4,4.9,2365.18,4.0,Clear,On Time,2025,6,0.9000000000000004,1,0.010748696150921921,0.004991368310440592,0.002109240798168665,0.40740740740740744
SHP10169,2025-06-19,East,Road,Truck,515.3,9.42,4,6.0,4024.2,3.4,Clear,Delayed,2025,6,2.0,1,0.011059930372458438,0.0110085316119993,0.004184777981125425,0.5092592592592592
SHP10170,2025-06-20,Unknown,Rail,Van,162.6,7.06,3,4.5,1566.51,4.4,Rain,Delayed,2025,6,1.5,1,0.0032190510913205667,0.008056243588781304,0.0011100549644161633,0.37037037037037035
SHP10171,2025-06-21,North,Ship,Truck,600.7,12.64,3,3.8,3697.8,4.0,Rain,Delayed,2025,6,0.7999999999999998,1,0.012958459123831208,0.015036653406389953,0.003776431284571383,0.3055555555555555
SHP10172,2025-06-22,East,Rail,Truck,124.9,20.12,2,1.7,1336.71,3.4,Rain,In Transit,2025,6,-0.30000000000000004,0,0.0023809417947543697,0.024393905276589356,0.0008225608747466817,0.1111111111111111
SHP10173,2025-06-23,North,Ship,Bike,202.1,2.71,4,3.6,5123.47,5.0,Fog,On Time,2025,6,-0.3999999999999999,0,0.0040971762163700305,0.0026145262578498333,0.005560033107108763,0.28703703703703703
SHP10174,2025-06-24,West,Rail,Truck,510.4,3.34,3,3.5,3998.44,4.3,Clear,On Time,2025,6,0.5,1,0.010950998394920657,0.003402637043708874,0.004152550619289543,0.27777777777777773
SHP10175,2025-06-25,North,Rail,Container,154.0,2.34,4,3.8,1457.05,3.9,Clear,On Time,2025,6,-0.20000000000000018,0,0.003027864355233848,0.0021516675423453174,0.0009731136978573232,0.3055555555555555
SHP10176,2025-06-26,West,Air,Truck,57.6,6.12,2,2.6,750.59,4.9,Clear,In Transit,2025,6,0.6000000000000001,1,0.0008847944297966751,0.006880332257499562,8.928830800570455e-05,0.19444444444444445
SHP10177,2025-06-27,South,Road,Van,439.5,9.32,3,4.0,2713.1,5.0,Rain,On Time,2025,6,1.0,1,0.00937481937299643,0.010883434661862946,0.0025445103529023725,0.32407407407407407
SHP10178,2025-06-28,Central,Air,Van,89.4,11.41,3,3.7,1143.79,3.9,Rain,In Transit,2025,6,0.7000000000000002,1,0.001591740733001054,0.013497960919712778,0.000581205958388821,0.2962962962962963
SHP10179,2025-06-29,North,Rail,Van,542.2,8.63,1,3.0,3042.81,4.2,Clear,On Time,2025,6,2.0,1,0.011657944698125039,0.010020265705922092,0.0029569980652823765,0.23148148148148145
SHP10180,2025-06-30,South,Ship,Truck,277.1,11.17,3,5.3,2520.41,3.4,Rain,On Time,2025,6,2.3,1,0.0057645024031728114,0.013197728239385524,0.002303443180846618,0.4444444444444444
SHP10181,2025-07-01,North,Road,Truck,435.3,6.81,5,5.7,1918.16,3.9,Rain,In Transit,2025,7,0.7000000000000002,1,0.009281449106535474,0.007743501213440415,0.0015499909810927223,0.48148148148148145
SHP10182,2025-07-02,Central,Rail,Truck,429.9,4.56,6,7.7,3350.54,3.9,Fog,On Time,2025,7,1.7000000000000002,1,0.009161401621085674,0.004928819835372413,0.003341987430878501,0.6666666666666666
SHP10183,2025-07-03,Central,Ship,Truck,568.6,3.41,3,3.5,3257.88,4.1,Rain,On Time,2025,7,0.5,1,0.012244843515879617,0.0034902049088043233,0.0032260640089952367,0.27777777777777773
SHP10184,2025-07-04,South,Road,Van,520.3,6.29,3,4.9,3437.71,4.2,Fog,On Time,2025,7,1.9000000000000004,1,0.011171085451578624,0.007092997072731367,0.0034510425213767114,0.40740740740740744
SHP10185,2025-07-05,West,Ship,Bike,152.9,3.48,1,2.3,1676.07,4.4,Clear,On Time,2025,7,1.2999999999999998,1,0.0030034102378274073,0.0035777727738997723,0.0012471213371933103,0.16666666666666663
SHP10186,2025-07-06,West,Air,Bike,289.5,9.13,6,7.4,1512.84,4.2,Rain,Delayed,2025,7,1.4000000000000004,1,0.00604016699939087,0.01064575045660387,0.0010429104570507974,0.6388888888888888
SHP10187,2025-07-07,East,Road,Container,435.0,3.52,1,1.7,3155.44,3.2,Storm,Delayed,2025,7,0.7,1,0.009274779801788263,0.0036278115539543146,0.0030979051989615484,0.1111111111111111
SHP10188,2025-07-08,East,Road,Container,835.2,4.95,6,6.5,3055.19,3.4,Clear,On Time,2025,7,0.5,1,0.018171632334567898,0.005416697940904201,0.002972486215108783,0.5555555555555555
SHP10189,2025-07-09,South,Air,Van,523.4,14.4,3,2.4,2219.8,3.6,Fog,On Time,2025,7,-0.6000000000000001,0,0.01124000160063314,0.017238359728789815,0.0019273613779939515,0.1759259259259259
SHP10190,2025-07-10,North,Road,Truck,790.2,15.31,3,4.1,4823.71,3.8,Rain,On Time,2025,7,1.0999999999999996,1,0.017171236622486232,0.018376741975030652,0.005185014707111705,0.33333333333333326
SHP10191,2025-07-11,Central,Rail,Bike,450.4,14.99,6,8.2,5361.09,4.7,Clear,On Time,2025,7,2.1999999999999993,1,0.009617137445478433,0.017976431734594314,0.005857310503049852,0.7129629629629628
SHP10192,2025-07-12,Central,Road,Van,692.1,6.9,1,1.7,2948.9,3.2,Rain,Cancelled,2025,7,0.7,1,0.014990373970148194,0.007856088468563137,0.0028395108156702748,0.1111111111111111
SHP10193,2025-07-13,West,Rail,Van,25000.0,4.71,4,5.4,5043.22,3.8,Clear,In Transit,2025,7,1.4000000000000004,1,0.5553796835192588,0.005116465260576947,0.005459635366917397,0.4537037037037037
SHP10194,2025-07-14,South,Road,Truck,674.1,10.1,4,5.8,3110.91,4.6,Storm,On Time,2025,7,1.7999999999999998,1,0.014590215685315527,0.011859190872926518,0.0030421953999494413,0.4907407407407407
SHP10195,2025-07-15,South,Ship,Truck,266.8,3.58,2,2.1,1695.4,3.8,Fog,On Time,2025,7,0.10000000000000009,1,0.005535522940185229,0.003702869724036128,0.0012713043691920532,0.14814814814814814
SHP10196,2025-07-16,West,Ship,Van,895.8,11.78,3,5.6,3239.9,4.3,Clear,Cancelled,2025,7,2.5999999999999996,1,0.01951883189350454,0.013960819635217293,0.003203569910943639,0.47222222222222215
SHP10197,2025-07-17,Central,Ship,Bike,484.5,4.39,4,1.8,4201.69,3.9,Clear,On Time,2025,7,-2.2,0,0.010375215085078097,0.0047161550201406085,0.004406829007998515,0.12037037037037036
SHP10198,2025-07-18,Central,Air,Van,106.0,6.1,4,2.9,1235.82,4.2,Rain,On Time,2025,7,-1.1,0,0.001960775595680069,0.006855312867472291,0.0006963412110967513,0.2222222222222222
SHP10199,2025-07-19,West,Road,Truck,444.8,11.96,1,0.7,3213.17,3.9,Clear,In Transit,2025,7,-0.30000000000000004,0,0.009492643756863827,0.014185994145462736,0.003170129018790178,0.018518518518518514
SHP10200,2025-07-20,West,Air,Bike,524.5,1.49,6,5.9,2097.15,4.4,Clear,On Time,2025,7,-0.09999999999999964,0,0.01126445571803958,0.0010883434661862943,0.0017739186012404181,0.5
SHP10201,2025-07-21,North,Road,Truck,614.1,4.53,2,3.2,2450.46,3.0,Clear,On Time,2025,7,1.2000000000000002,1,0.013256354735873303,0.004891290750331507,0.002215931381140873,0.25
SHP10202,2025-07-22,North,Road,Truck,1092.1,9.27,2,3.9,4862.96,3.8,Clear,Cancelled,2025,7,1.9,1,0.02388278029976302,0.010820886186794767,0.0052341188977972014,0.31481481481481477
SHP10203,2025-07-23,Central,Road,Truck,236.3,10.66,2,2.7,1876.32,4.2,Clear,Delayed,2025,7,0.7000000000000002,1,0.004857476957552099,0.012559733793690112,0.0014976465393530742,0.20370370370370372
SHP10204,2025-07-24,East,Road,Container,1096.6,9.52,1,3.2,3715.78,4.3,Fog,On Time,2025,7,2.2,1,0.023982819870971183,0.011133628562135655,0.0037989253826229818,0.25
SHP10205,2025-07-25,North,Air,Bike,346.9,6.04,2,1.5,3234.4,5.0,Storm,On Time,2025,7,-0.5,0,0.007316227307690598,0.006780254697390477,0.0031966890689367543,0.09259259259259259
SHP10206,2025-07-26,North,Air,Truck,194.5,12.77,7,6.1,3792.6,3.7,Rain,On Time,2025,7,-0.9000000000000004,0,0.003928220496107349,0.015199279441567215,0.0038950319795264176,0.5185185185185185
SHP10207,2025-07-27,West,Road,Bike,240.2,3.32,3,3.7,2372.4,5.0,Fog,In Transit,2025,7,0.7000000000000002,1,0.004944177919265842,0.003377617653681603,0.0021182734671304306,0.2962962962962963
SHP10208,2025-07-28,North,Road,Truck,504.3,3.21,2,2.1,2067.27,3.6,Clear,On Time,2025,7,0.10000000000000009,1,0.010815389198394032,0.0032400110085316117,0.001736536863210287,0.14814814814814814
SHP10209,2025-07-29,North,Ship,Bike,172.8,9.2,2,0.7,1617.38,4.9,Clear,On Time,2025,7,-1.3,0,0.003445807452725745,0.010733318321699317,0.0011736964976689335,0.018518518518518514
SHP10210,2025-07-30,East,Road,Container,270.1,3.03,4,5.4,1966.7,4.5,Clear,Cancelled,2025,7,1.4000000000000004,1,0.005608885292404552,0.0030148364982861713,0.0016107175394589391,0.4537037037037037
SHP10211,2025-07-31,West,Ship,Container,437.4,20.57,5,7.0,3128.17,3.4,Rain,On Time,2025,7,2.0,1,0.009328134239765952,0.024956841552202957,0.0030637887332292295,0.6018518518518519
SHP10212,2025-08-01,West,Road,Truck,891.5,4.63,2,4.8,2827.28,4.2,Storm,On Time,2025,8,2.8,1,0.019423238525461184,0.005016387700467862,0.002687356632965304,0.3981481481481481
SHP10213,2025-08-02,North,Air,Bike,602.8,12.61,1,2.0,3571.35,4.0,Rain,On Time,2025,8,1.0,1,0.013005144257061682,0.014999124321349045,0.0036182344715221843,0.13888888888888887
SHP10214,2025-08-03,West,Air,Container,356.8,2.62,2,3.1,2146.99,4.4,Fog,On Time,2025,8,1.1,1,0.007536314364348565,0.0025019390027271136,0.0018362715404446257,0.24074074074074073
SHP10215,2025-08-04,North,Road,Truck,502.8,17.83,1,3.1,2201.92,3.9,Rain,On Time,2025,8,2.1,1,0.010782042674657976,0.02152918511846681,0.00190499238616066,0.24074074074074073
SHP10216,2025-08-05,South,Road,Container,408.9,7.24,2,1.9,1880.1,3.8,Clear,Cancelled,2025,8,-0.10000000000000009,0,0.008694550288780896,0.008281418099026746,0.0015023755544050785,0.12962962962962962
SHP10217,2025-08-06,West,Air,Truck,135.0,4.54,3,4.3,1374.39,4.9,Clear,In Transit,2025,8,1.2999999999999998,1,0.002605475054577144,0.0049038004453451425,0.0008697008978047588,0.3518518518518518
SHP10218,2025-08-07,West,Rail,Bike,989.0,5.74,2,3.7,3541.06,3.9,Clear,On Time,2025,8,1.7000000000000002,1,0.0215907625683048,0.006404963846981411,0.0035803397979969945,0.2962962962962963
SHP10219,2025-08-08,Central,Road,Truck,900.3,4.0,3,5.2,5546.5,4.5,Clear,On Time,2025,8,2.2,1,0.01961887146471271,0.004228276914608821,0.0060892699424128565,0.4351851851851852
SHP10220,2025-08-09,West,Ship,Container,328.1,6.09,2,2.7,2316.57,3.9,Rain,Delayed,2025,8,0.7000000000000002,1,0.0068982842101987015,0.006842803172458656,0.0020484266654496337,0.20370370370370372
SHP10221,2025-08-10,East,Road,Van,246.7,2.75,6,7.6,1402.23,5.0,Clear,On Time,2025,8,1.5999999999999996,1,0.005088679522122084,0.0026645650379043756,0.0009045304689814269,0.6574074074074073
SHP10222,2025-08-11,North,Road,Truck,137.6,4.65,6,6.4,1833.8,3.6,Rain,On Time,2025,8,0.40000000000000036,1,0.0026632756957196404,0.005041407090495134,0.0014444513753289385,0.5462962962962963
SHP10223,2025-08-12,South,Ship,Truck,523.6,12.45,4,3.3,2586.27,3.6,Rain,Cancelled,2025,8,-0.7000000000000002,0,0.011244447803797948,0.014798969201130876,0.002385838136223607,0.25925925925925924
SHP10224,2025-08-13,South,Road,Truck,525.8,8.31,3,5.2,2896.59,5.0,Clear,On Time,2025,8,2.2,1,0.011293356038610827,0.009619955465485752,0.0027740677528738833,0.4351851851851852
SHP10225,2025-08-14,South,Rail,Van,45000.0,3.27,3,2.3,2188.24,3.8,Clear,On Time,2025,8,-0.7000000000000002,0,1.0,0.003315069178613425,0.0018878778554962624,0.16666666666666663
SHP10226,2025-08-15,Central,Road,Truck,412.2,6.24,3,4.8,3482.08,5.0,Clear,On Time,2025,8,1.7999999999999998,1,0.008767912641000217,0.007030448597663189,0.0035065521504395263,0.3981481481481481
SHP10227,2025-08-16,South,Road,Van,590.8,15.42,4,4.8,3035.35,4.6,Clear,On Time,2025,8,0.7999999999999998,1,0.012738372067173239,0.01851434862018064,0.0029476651413966742,0.3981481481481481
SHP10228,2025-08-17,Central,Ship,Truck,234.3,5.06,3,4.5,3677.78,3.9,Fog,On Time,2025,8,1.5,1,0.0048130149259040245,0.005554304586054192,0.0037513850196663227,0.37037037037037035
SHP10229,2025-08-18,West,Road,Truck,300.0,3.0,5,6.6,2762.02,2.8,Clear,On Time,2025,8,1.5999999999999996,1,0.006273592665543259,0.002977307413245265,0.0026057123148981566,0.5648148148148148
SHP10230,2025-08-19,West,Ship,Container,297.9,10.4,6,6.9,1840.7,4.0,Rain,On Time,2025,8,0.9000000000000004,1,0.006226907532312781,0.012234481723335586,0.0014530837043921214,0.5925925925925926
SHP10231,2025-08-20,East,Road,Truck,193.8,1.07,3,3.8,4550.21,4.1,Fog,Delayed,2025,8,0.7999999999999998,1,0.0039126587850305235,0.0005629362756136006,0.004842849200042065,0.3055555555555555
SHP10232,2025-08-21,East,Road,Bike,304.4,5.83,4,4.9,2324.5,4.8,Fog,On Time,2025,8,0.9000000000000004,1,0.006371409135169022,0.006517551102104131,0.0020583475885613783,0.40740740740740744
SHP10233,2025-08-22,East,Road,Bike,90.9,16.31,1,0.5,1536.45,5.0,Fog,On Time,2025,8,-0.5,0,0.0016250872567371095,0.019627711476394204,0.0010724480351930797,0.0
SHP10234,2025-08-23,North,Rail,Van,286.9,6.11,2,2.5,3853.25,3.6,Clear,Delayed,2025,8,0.5,1,0.005982366358248373,0.006867822562485927,0.003970908900929612,0.18518518518518517
SHP10235,2025-08-24,West,Road,Van,290.0,13.27,3,2.3,4902.53,4.5,Clear,In Transit,2025,8,-0.7000000000000002,0,0.006051282507302889,0.015824764192248993,0.00528362342838128,0.16666666666666663
SHP10236,2025-08-25,South,Ship,Bike,331.0,2.97,2,2.6,2022.3,4.5,Clear,On Time,2025,8,0.6000000000000001,1,0.0069627541560884085,0.0029397783282043583,0.00168027659683763,0.19444444444444445
SHP10237,2025-08-26,North,Road,Truck,478.2,5.94,6,5.5,2178.67,4.7,Clear,On Time,2025,8,-0.5,0,0.010235159685386665,0.006655157747254122,0.001875905190404283,0.4629629629629629
SHP10238,2025-08-27,West,Ship,Truck,128.5,5.54,2,1.0,1578.94,4.3,Storm,On Time,2025,8,-1.0,0,0.0024609734517209033,0.006154769946708699,0.0011256056673517234,0.046296296296296294
SHP10239,2025-08-28,North,Road,Truck,149.4,10.03,3,4.8,2475.34,2.7,Rain,In Transit,2025,8,1.7999999999999998,1,0.0029256016824432776,0.01177162300783107,0.0022470578082556545,0.3981481481481481
SHP10240,2025-08-29,Central,Ship,Container,190.0,7.52,4,5.3,3128.7,3.9,Clear,On Time,2025,8,1.2999999999999998,1,0.0038281809248991825,0.008631689559408542,0.0030644517961862564,0.4444444444444444
SHP10241,2025-08-30,Central,Air,Truck,117.4,17.73,4,4.2,2537.49,3.2,Clear,On Time,2025,8,0.20000000000000018,1,0.002214209176074092,0.021404088168330455,0.0023248113229334534,0.34259259259259256
SHP10242,2025-08-31,Central,Air,Van,514.6,4.86,3,3.9,2583.93,3.9,Clear,On Time,2025,8,0.8999999999999999,1,0.011044368661381615,0.005304110685781481,0.0023829106507152233,0.31481481481481477
SHP10243,2025-09-01,South,Ship,Bike,226.7,7.46,5,5.1,3522.38,4.6,Rain,On Time,2025,9,0.09999999999999964,1,0.004644059205641342,0.008556631389326727,0.0035569699564172467,0.4259259259259259
SHP10244,2025-09-02,North,Air,Bike,338.3,5.69,4,5.1,1963.8,4.2,Rain,On Time,2025,9,1.0999999999999996,1,0.00712504057160388,0.006342415371913233,0.001607089459128036,0.4259259259259259
SHP10245,2025-09-03,Central,Rail,Van,177.6,7.08,3,2.6,2775.19,4.7,Fog,On Time,2025,9,-0.3999999999999999,0,0.0035525163286811226,0.008081262978808576,0.0026221888038491883,0.19444444444444445
SHP10246,2025-09-04,South,Road,Truck,265.1,6.64,1,2.4,1850.01,4.2,Storm,In Transit,2025,9,1.4,1,0.005497730213284366,0.007530836398208611,0.001464731093316503,0.1759259259259259
SHP10247,2025-09-05,Central,Road,Container,425.6,3.55,3,3.4,2596.76,3.2,Clear,Delayed,2025,9,0.3999999999999999,1,0.009065808253042316,0.003665340638995221,0.0023989617785240116,0.2685185185185185
SHP10248,2025-09-06,Central,Ship,Van,439.6,12.0,5,5.2,2525.7,2.4,Clear,On Time,2025,9,0.20000000000000018,1,0.009377042474578835,0.014236032925517277,0.002310061299795058,0.4351851851851852
SHP10249,2025-09-07,Central,Rail,Truck,154.6,4.28,4,4.2,1665.22,4.1,Clear,On Time,2025,9,0.20000000000000018,1,0.00304120296472827,0.0045785483749906175,0.0012335473125070012,0.34259259259259256
SHP10250,2025-09-08,South,Air,Truck,326.6,4.05,5,4.9,1845.07,3.9,Clear,On Time,2025,9,-0.09999999999999964,0,0.006864937686462646,0.004290825389677,0.001458550846132137,0.40740740740740744
SHP10251,2025-09-09,South,Road,Bike,179.9,1.95,3,3.6,3003.4,3.4,Storm,On Time,2025,9,0.6000000000000001,1,0.003603647665076408,0.0016637894368135306,0.002907693704647589,0.28703703703703703
SHP10252,2025-09-10,Central,Road,Van,318.1,4.75,2,1.9,1675.95,2.9,Rain,In Transit,2025,9,-0.10000000000000009,0,0.006675974051958331,0.005166504040631489,0.001246971209731342,0.12962962962962962
SHP10253,2025-09-11,South,Road,Container,212.7,4.24,1,1.8,1422.98,3.5,Rain,Cancelled,2025,9,0.8,1,0.0043328249841048235,0.004528509594936075,0.000930490009280129,0.12037037037037036
SHP10254,2025-09-12,North,Air,Bike,1028.2,1.23,3,5.7,6196.58,3.9,Clear,On Time,2025,9,2.7,1,0.022462218388607052,0.0007630913958317696,0.00690256044638299,0.48148148148148145
SHP10255,2025-09-13,East,Road,Van,588.6,6.07,4,4.1,3582.58,4.4,Clear,On Time,2025,9,0.09999999999999964,1,0.012689463832360358,0.0068177837824313844,0.0036322838998380596,0.33333333333333326
SHP10256,2025-09-14,Central,Road,Van,452.4,17.22,5,5.5,1924.4,4.1,Clear,On Time,2025,9,0.5,1,0.009661599477126508,0.020766093722635038,0.001557797609115079,0.4629629629629629
SHP10257,2025-09-15,West,Road,Truck,282.0,2.25,3,3.9,1587.27,5.0,Clear,Delayed,2025,9,0.8999999999999999,1,0.005873434380710593,0.0020390802872225972,0.001136027015336696,0.31481481481481477
SHP10258,2025-09-16,East,Road,Truck,599.7,6.99,3,3.4,2011.37,3.3,Rain,Delayed,2025,9,0.3999999999999999,1,0.01293622810800717,0.007968675723685857,0.001666602487176675,0.2685185185185185
SHP10259,2025-09-17,North,Rail,Truck,333.3,5.96,3,3.9,1660.33,4.6,Clear,In Transit,2025,9,0.8999999999999999,1,0.007013885492483694,0.006680177137281393,0.0012274296184317888,0.31481481481481477
SHP10260,2025-09-18,East,Road,Container,963.5,10.95,3,4.9,2718.63,4.0,Rain,In Transit,2025,9,1.9000000000000004,1,0.021023871664791853,0.012922514949085542,0.00255142872677475,0.40740740740740744
SHP10261,2025-09-19,Central,Air,Van,638.5,11.5,2,4.0,2931.21,4.5,Fog,On Time,2025,9,2.0,1,0.013798791521979808,0.013610548174835499,0.002817379525651766,0.32407407407407407
SHP10262,2025-09-20,North,Road,Bike,263.7,25.63,2,1.8,2123.92,3.7,Clear,Delayed,2025,9,-0.19999999999999996,0,0.005466606791130714,0.03128674722910255,0.0018074095358812014,0.12037037037037036
SHP10263,2025-09-21,East,Road,Truck,895.5,8.52,2,2.3,3520.86,4.7,Rain,Delayed,2025,9,0.2999999999999998,1,0.019512162588757334,0.009882659060772098,0.003555068341898981,0.16666666666666663
SHP10264,2025-09-22,Central,Road,Van,283.0,3.82,1,1.1,1252.11,4.2,Clear,On Time,2025,9,0.10000000000000009,1,0.005895665396534629,0.004003102404363381,0.0007167210140589613,0.05555555555555556
SHP10265,2025-09-23,West,Road,Van,1065.5,4.65,2,2.6,3775.36,3.6,Rain,On Time,2025,9,0.6000000000000001,1,0.023291435278843635,0.005041407090495134,0.003873463667490291,0.19444444444444445
SHP10266,2025-09-24,West,Road,Van,925.5,5.02,1,2.9,3176.48,4.0,Rain,Delayed,2025,9,1.9,1,0.020179093063478443,0.005504265805999649,0.003124227547293341,0.2222222222222222
SHP10267,2025-09-25,West,Road,Container,424.1,4.37,4,3.4,3854.51,3.8,Storm,Delayed,2025,9,-0.6000000000000001,0,0.00903246172930626,0.004691135630113338,0.00397248523928028,0.2685185185185185
SHP10268,2025-09-26,South,Rail,Truck,94.0,19.99,3,5.5,3540.42,4.3,Clear,Delayed,2025,9,2.5,1,0.0016940034057916244,0.02423127924141209,0.0035795391181998293,0.4629629629629629
SHP10269,2025-09-27,South,Road,Van,402.2,11.13,7,8.9,3141.11,3.2,Clear,Delayed,2025,9,1.9000000000000004,1,0.008545602482759847,0.013147689459330984,0.0030799774778781557,0.7777777777777778
SHP10270,2025-09-28,West,Air,Truck,141.9,9.97,2,2.2,1673.82,4.0,Clear,Delayed,2025,9,0.20000000000000018,1,0.002758869063763,0.011696564837749257,0.001244306447281403,0.1574074074074074
SHP10271,2025-09-29,West,Ship,Truck,217.6,3.07,3,4.2,4197.96,4.3,Clear,Delayed,2025,9,1.2000000000000002,1,0.004441756961642605,0.0030648752783407136,0.0044021625460556645,0.34259259259259256
SHP10272,2025-09-30,Central,Air,Van,230.1,11.42,3,1.7,1421.78,4.0,Rain,On Time,2025,9,-1.3,0,0.004719644659443068,0.013510470614726414,0.000928988734660445,0.1111111111111111
SHP10273,2025-10-01,Central,Road,Van,140.9,14.66,1,3.7,1383.14,4.9,Storm,Delayed,2025,10,2.7,1,0.0027366380479389627,0.017563611799144337,0.0008806476919066211,0.2962962962962963
SHP10274,2025-10-02,East,Road,Bike,403.2,6.04,5,5.0,2255.83,4.5,Clear,On Time,2025,10,0.0,0,0.008567833498583885,0.006780254697390477,0.0019724371484499625,0.41666666666666663
SHP10275,2025-10-03,East,Road,Van,198.6,4.61,1,1.2,4785.19,4.0,Clear,On Time,2025,10,0.19999999999999996,1,0.004019367660985901,0.004991368310440592,0.005136823791819849,0.06481481481481481
SHP10276,2025-10-04,West,Road,Container,292.4,18.01,6,4.6,2357.96,4.1,Clear,On Time,2025,10,-1.4000000000000004,0,0.006104636945280577,0.021754359628712253,0.0021002081292068996,0.3796296296296296
SHP10277,2025-10-05,West,Ship,Van,231.6,4.17,6,6.8,1751.24,4.2,Clear,Delayed,2025,10,0.7999999999999998,1,0.0047529911831791245,0.004440941729840627,0.001341163681494681,0.5833333333333333
SHP10278,2025-10-06,West,Road,Van,479.6,3.84,4,3.6,1737.89,4.3,Clear,Delayed,2025,10,-0.3999999999999999,0,0.010266283107540316,0.004028121794390652,0.0013244620013506969,0.28703703703703703
SHP10279,2025-10-07,West,Road,Truck,456.8,3.37,4,4.8,3162.0,2.8,Clear,Cancelled,2025,10,0.7999999999999998,1,0.00975941594675227,0.003440166128749781,0.003106112166882487,0.3981481481481481
SHP10280,2025-10-08,Central,Rail,Truck,275.8,6.75,4,3.8,2890.25,3.8,Rain,On Time,2025,10,-0.20000000000000018,0,0.005735602082601563,0.007668443043358603,0.0027661360186332197,0.3055555555555555
SHP10281,2025-10-09,South,Air,Truck,495.4,8.5,3,2.6,3257.94,3.0,Clear,On Time,2025,10,-0.3999999999999999,0,0.010617533157560102,0.009857639670744827,0.0032261390727262216,0.19444444444444445
SHP10282,2025-10-10,South,Rail,Van,747.9,13.38,4,4.3,2971.1,4.8,Clear,On Time,2025,10,0.2999999999999998,1,0.01623086465312946,0.015962370837398987,0.002867284396134428,0.3518518518518518
SHP10283,2025-10-11,North,Road,Truck,49.7,10.27,1,1.3,1290.44,4.0,Fog,On Time,2025,10,0.30000000000000004,1,0.0007091694047867824,0.012071855688158323,0.0007646742275360338,0.07407407407407407
SHP10284,2025-10-12,East,Road,Truck,221.8,10.16,1,0.5,1438.69,3.9,Clear,In Transit,2025,10,-0.5,0,0.004535127228103561,0.011934249043008332,0.0009501441961761584,0.0
SHP10285,2025-10-13,North,Rail,Truck,164.3,16.13,3,2.5,2195.19,4.6,Rain,On Time,2025,10,-0.5,0,0.00325684381822143,0.019402536966148767,0.001896572737668599,0.18518518518518517
SHP10286,2025-10-14,East,Road,Bike,207.1,3.24,4,5.0,1238.01,4.3,Rain,Delayed,2025,10,1.0,1,0.004208331295490216,0.003277540093572519,0.0006990810372776746,0.41666666666666663
SHP10287,2025-10-15,East,Road,Truck,41.4,2.14,6,8.7,800.22,3.3,Rain,Delayed,2025,10,2.6999999999999993,1,0.0005246519734472747,0.0019014736420726063,0.0001513785241514677,0.7592592592592592
SHP10288,2025-10-16,South,Road,Van,47.8,10.61,2,2.5,1436.55,4.0,Clear,On Time,2025,10,0.5,1,0.0006669304747211119,0.012497185318621932,0.0009474669231043886,0.18518518518518517
SHP10289,2025-10-17,East,Road,Truck,237.5,6.52,5,4.4,1676.78,3.8,Clear,In Transit,2025,10,-0.5999999999999996,0,0.004884154176540943,0.007380720058044984,0.00124800959134329,0.3611111111111111
SHP10290,2025-10-18,North,Road,Van,232.5,13.42,2,2.0,1882.75,2.9,Fog,On Time,2025,10,0.0,0,0.004772999097420757,0.016012409617453528,0.0015056908691902142,0.13888888888888887
SHP10291,2025-10-19,North,Road,Truck,816.1,6.97,3,4.2,3605.78,3.6,Rain,On Time,2025,10,1.2000000000000002,1,0.01774701993232879,0.007943656333658585,0.003661308542485284,0.34259259259259256
SHP10292,2025-10-20,West,Rail,Truck,381.9,4.49,3,3.2,2263.15,3.9,Clear,In Transit,2025,10,0.20000000000000018,1,0.008094312861531894,0.004841251970276965,0.001981594923630035,0.25
SHP10293,2025-10-21,South,Air,Van,487.1,10.72,3,4.6,2481.16,3.9,Clear,In Transit,2025,10,1.5999999999999996,1,0.010433015726220594,0.012634791963771924,0.0022543389901611213,0.3796296296296296
SHP10294,2025-10-22,North,Ship,Truck,2531.8,7.6,2,5.8,7176.27,3.0,Clear,On Time,2025,10,3.8,1,0.05588877378162918,0.008731767119517626,0.00812821355651482,0.4907407407407407
SHP10295,2025-10-23,East,Road,Truck,49.9,6.97,3,4.0,1056.24,4.7,Clear,On Time,2025,10,1.0,1,0.0007136156079515897,0.007943656333658585,0.00047167546426104417,0.32407407407407407
SHP10296,2025-10-24,West,Road,Truck,973.7,28.67,5,6.1,4429.81,3.9,Rain,On Time,2025,10,1.0999999999999996,1,0.02125062802619703,0.03508969451324777,0.00469222131320044,0.5185185185185185
SHP10297,2025-10-25,North,Road,Truck,334.9,15.34,3,4.8,2590.31,4.0,Clear,On Time,2025,10,1.7999999999999998,1,0.007049455117802152,0.018414271060071555,0.0023908924274432097,0.3981481481481481
SHP10298,2025-10-26,West,Rail,Truck,252.1,11.64,3,3.2,1492.26,4.3,Clear,Cancelled,2025,10,0.20000000000000018,1,0.005208727007571884,0.013785683905026398,0.0010171635973232173,0.25
SHP10299,2025-10-27,North,Air,Truck,224.4,7.76,5,4.3,2860.96,3.5,Rain,Delayed,2025,10,-0.7000000000000002,0,0.004592927869246057,0.008931922239735796,0.0027294924072910997,0.3518518518518518
SHP10300,2025-10-28,North,Road,Container,433.7,7.3,4,6.8,1956.0,4.3,Clear,On Time,2025,10,2.8,1,0.009245879481217014,0.008356476269108558,0.0015973311741000903,0.5833333333333333
SHP10301,2025-10-29,East,Ship,Van,253.7,5.72,3,1.5,2032.03,3.8,Rain,In Transit,2025,10,-1.5,0,0.005244296632890343,0.006379944456954139,0.0016924494318789009,0.09259259259259259
SHP10302,2025-10-30,East,Road,Van,137.7,8.31,2,1.5,2893.24,3.4,Rain,On Time,2025,10,-0.5,0,0.002665498797302044,0.009619955465485752,0.002769876694560599,0.09259259259259259
SHP10303,2025-10-31,West,Rail,Truck,230.8,4.95,6,5.7,2697.52,4.4,Clear,On Time,2025,10,-0.2999999999999998,0,0.004735206370519895,0.005416697940904201,0.0025250188040901425,0.48148148148148145
SHP10304,2025-11-01,West,Air,Bike,442.1,2.72,4,7.1,2302.89,5.0,Rain,Cancelled,2025,11,3.0999999999999996,1,0.009432620014138927,0.0026270359528634693,0.002031312134785236,0.611111111111111
SHP10305,2025-11-02,Central,Ship,Truck,544.4,6.91,2,4.6,2432.43,4.5,Rain,In Transit,2025,11,2.5999999999999996,1,0.011706852932937918,0.007868598163576773,0.002193374729980121,0.3796296296296296
SHP10306,2025-11-03,East,Air,Truck,1036.5,8.78,2,5.0,4628.47,4.6,Clear,In Transit,2025,11,3.0,1,0.02264673581994656,0.010207911131126624,0.004940757326489123,0.41666666666666663
SHP10307,2025-11-04,South,Ship,Van,370.7,13.44,5,5.2,3042.45,3.7,Clear,On Time,2025,11,0.20000000000000018,1,0.00784532548430268,0.0160374290074808,0.0029565476828964706,0.4351851851851852
SHP10308,2025-11-05,West,Road,Truck,776.1,3.86,1,4.5,2705.08,3.0,Clear,In Transit,2025,11,3.5,1,0.01685777929936731,0.004053141184417923,0.0025344768341941516,0.37037037037037035
SHP10309,2025-11-06,South,Ship,Truck,300.4,7.34,7,7.8,1700.53,5.0,Storm,On Time,2025,11,0.7999999999999998,1,0.006282485071872874,0.0084065150491631,0.0012777223181912021,0.6759259259259258
SHP10310,2025-11-07,South,Road,Van,330.5,10.22,2,3.4,1472.49,5.0,Rain,Delayed,2025,11,1.4,1,0.00695163864817639,0.012009307213090147,0.0009924300979639237,0.2685185185185185
SHP10311,2025-11-08,North,Road,Bike,318.2,10.07,5,5.6,2371.61,5.0,Clear,Cancelled,2025,11,0.5999999999999996,1,0.006678197153540734,0.011821661787885613,0.002117285128005805,0.47222222222222215
SHP10312,2025-11-09,North,Rail,Van,401.6,19.36,3,3.5,2719.2,3.8,Rain,On Time,2025,11,0.5,1,0.008532263873265425,0.02344316845555305,0.0025521418322190996,0.27777777777777773
SHP10313,2025-11-10,Unknown,Ship,Container,608.3,5.8,3,3.6,3805.3,3.2,Clear,In Transit,2025,11,0.6000000000000001,1,0.013127414844093887,0.0064800220170632234,0.003910920469251406,0.28703703703703703
SHP10314,2025-11-11,West,Road,Bike,246.0,3.61,6,6.1,350000.0,3.3,Rain,On Time,2025,11,0.09999999999999964,1,0.005073117811045258,0.0037403988090770343,0.43702201761850856,0.5185185185185185
SHP10315,2025-11-12,West,Rail,Truck,171.3,7.68,3,3.9,3170.23,2.9,Rain,On Time,2025,11,0.8999999999999999,1,0.0034124609289896894,0.008831844679626711,0.0031164084086491533,0.31481481481481477
SHP10316,2025-11-13,South,Rail,Truck,639.9,6.02,4,5.3,2444.36,3.9,Clear,In Transit,2025,11,1.2999999999999998,1,0.01382991494413346,0.006755235307363206,0.002208299901824146,0.4444444444444444
SHP10317,2025-11-14,North,Air,Truck,610.8,5.28,1,1.8,3795.04,5.0,Fog,On Time,2025,11,0.8,1,0.01318299238365398,0.005829517876354174,0.0038980845712531078,0.12037037037037036
SHP10318,2025-11-15,North,Road,Truck,853.9,4.77,1,3.7,2951.58,3.9,Rain,Delayed,2025,11,2.7,1,0.01858735233047739,0.0051915234306587595,0.0028428636623209014,0.2962962962962963
SHP10319,2025-11-16,South,Road,Truck,218.3,8.81,2,0.5,2647.39,4.2,Rain,On Time,2025,11,-1.5,0,0.004457318672719431,0.010245440216167532,0.0024623030568528444,0.0
SHP10320,2025-11-17,East,Road,Bike,292.7,4.29,4,4.9,1337.4,4.9,Clear,Cancelled,2025,11,0.9000000000000004,1,0.006111306250027789,0.0045910580700042536,0.0008234241076530001,0.40740740740740744
SHP10321,2025-11-18,West,Road,Container,655.5,11.63,2,3.7,3228.44,3.7,Fog,On Time,2025,11,1.7000000000000002,1,0.014176718790988438,0.013773174210012762,0.0031892327383256573,0.2962962962962963
SHP10322,2025-11-19,West,Ship,Van,243.8,11.27,2,3.5,1337.65,5.0,Storm,On Time,2025,11,1.5,1,0.005024209576232377,0.01332282518952188,0.0008237368731987677,0.27777777777777773
SHP10323,2025-11-20,South,Road,Truck,529.4,9.35,3,3.7,2538.29,5.0,Clear,On Time,2025,11,0.7000000000000002,1,0.011373387695577362,0.010920963746903852,0.0023258121726799095,0.2962962962962963
SHP10324,2025-11-21,Central,Ship,Container,301.3,3.24,4,4.6,2320.36,3.9,Clear,Cancelled,2025,11,0.5999999999999996,1,0.006302492986114508,0.003277540093572519,0.002053168191123469,0.3796296296296296
SHP10325,2025-11-22,West,Road,Bike,432.2,8.54,4,5.6,2159.76,3.6,Clear,Delayed,2025,11,1.5999999999999996,1,0.00921253295748096,0.009907678450799368,0.0018522476045224297,0.47222222222222215
SHP10326,2025-11-23,East,Road,Container,135.4,14.02,2,3.7,1468.69,4.5,Rain,In Transit,2025,11,1.7000000000000002,1,0.002614367460906759,0.01676299131827166,0.0009876760616682578,0.2962962962962963
SHP10327,2025-11-24,East,Air,Truck,367.4,12.19,1,1.2,3165.1,3.8,Rain,On Time,2025,11,0.19999999999999996,1,0.007771963132083357,0.014473717130776352,0.0031099904596500042,0.06481481481481481
SHP10328,2025-11-25,South,Rail,Van,738.4,11.09,6,7.3,3157.56,3.2,Clear,On Time,2025,11,1.2999999999999998,1,0.01601967000280111,0.01309765067927644,0.003100557450789657,0.6296296296296295
SHP10329,2025-11-26,South,Road,Truck,575.7,7.27,2,4.5,2446.86,4.8,Fog,On Time,2025,11,2.5,1,0.012402683728230281,0.008318947184067652,0.002211427557281821,0.37037037037037035
SHP10330,2025-11-27,South,Rail,Truck,162.5,7.04,5,3.1,1844.12,4.8,Clear,Delayed,2025,11,-1.9,0,0.003216827989738163,0.008031224198754034,0.0014573623370582206,0.24074074074074073
SHP10331,2025-11-28,Unknown,Air,Truck,985.0,15.5,5,5.7,7877.12,4.1,Fog,On Time,2025,11,0.7000000000000002,1,0.021501838505008652,0.018614426180289724,0.009005020487519416,0.48148148148148145
SHP10332,2025-11-29,North,Road,Van,709.8,8.71,5,7.5,4152.11,3.2,Clear,Cancelled,2025,11,2.5,1,0.015383862950233649,0.010120343266031177,0.004344801344961905,0.6481481481481481
SHP10333,2025-11-30,North,Ship,Van,140.8,8.79,2,3.3,2914.54,3.2,Clear,In Transit,2025,11,1.2999999999999998,1,0.002734414946356559,0.01022042082614026,0.0027965243190599893,0.25925925925925924
SHP10334,2025-12-01,North,Ship,Truck,232.0,33.92,5,5.9,3237.62,4.1,Clear,On Time,2025,12,0.9000000000000004,1,0.004761883589508739,0.041657284395406446,0.003200717489166239,0.5
SHP10335,2025-12-02,North,Rail,Truck,147.4,5.71,5,4.8,1852.31,3.7,Clear,On Time,2025,12,-0.20000000000000018,0,0.0028811396507952033,0.006367434761940504,0.0014676085363375638,0.3981481481481481
SHP10336,2025-12-03,Central,Road,Van,440.4,1.15,4,3.7,1333.59,3.8,Rain,In Transit,2025,12,-0.2999999999999998,0,0.009394827287238063,0.000663013835722685,0.0008186575607355033,0.2962962962962963
SHP10337,2025-12-04,West,Air,Truck,224.3,6.33,3,2.7,1549.28,4.7,Rain,On Time,2025,12,-0.2999999999999998,0,0.004590704767663654,0.007143035852785909,0.0010884991630018676,0.20370370370370372
SHP10338,2025-12-05,East,Road,Truck,61.0,6.59,2,3.6,1295.31,4.5,Clear,On Time,2025,12,1.6,1,0.0009603798835984013,0.0074682879231404336,0.0007707669003675845,0.28703703703703703
SHP10339,2025-12-06,North,Road,Truck,329.4,8.63,2,1.8,1458.9,4.9,Clear,On Time,2025,12,-0.19999999999999996,0,0.006927184530769949,0.010020265705922092,0.0009754281628960029,0.12037037037037036
SHP10340,2025-12-07,East,Road,Container,623.7,10.01,3,4.0,2363.74,3.4,Clear,Delayed,2025,12,1.0,1,0.01346977248778406,0.011746603617803799,0.002107439268625044,0.32407407407407407
SHP10341,2025-12-08,East,Road,Truck,372.7,1.32,4,3.8,1273.84,3.8,Rain,In Transit,2025,12,-0.20000000000000018,0,0.007889787515950753,0.0008756786509544898,0.000743906595297072,0.3055555555555555
SHP10342,2025-12-09,North,Ship,Truck,498.2,10.14,3,4.6,2637.63,4.5,Rain,On Time,2025,12,1.5999999999999996,1,0.010679780001867405,0.011909229652981062,0.0024500926899460817,0.3796296296296296
SHP10343,2025-12-10,South,Air,Truck,397.6,6.87,3,3.0,3016.52,4.3,Clear,On Time,2025,12,0.0,0,0.008443339809969277,0.00781855938352223,0.0029241076404894666,0.23148148148148145
SHP10344,2025-12-11,South,Air,Bike,560.2,5.9,3,3.7,3666.64,5.0,Rain,On Time,2025,12,0.7000000000000002,1,0.012058102982957706,0.00660511896719958,0.0037374481869469228,0.2962962962962963
SHP10345,2025-12-12,East,Road,Van,422.1,1.85,4,2.9,2515.9,4.3,Clear,In Transit,2025,12,-1.1,0,0.008987999697658186,0.0015386924866771748,0.0022978008904009726,0.2222222222222222
SHP10346,2025-12-13,West,Road,Van,316.7,17.59,6,4.8,2025.85,5.0,Storm,On Time,2025,12,-1.2000000000000002,0,0.006644850629804678,0.021228952438139558,0.0016847178675875284,0.3981481481481481
SHP10347,2025-12-14,North,Road,Truck,369.5,5.23,2,2.5,1414.74,4.4,Storm,On Time,2025,12,0.5,1,0.007818648265313836,0.005766969401285997,0.0009201812568916324,0.18518518518518517
SHP10348,2025-12-15,South,Ship,Van,873.9,11.18,3,2.9,2775.03,4.7,Rain,Cancelled,2025,12,-0.10000000000000009,0,0.01903197264695813,0.01321023793439916,0.0026219886338998974,0.2222222222222222
SHP10349,2025-12-16,West,Road,Truck,516.9,3.82,2,4.8,1873.97,3.8,Storm,Cancelled,2025,12,2.8,1,0.011095499997776898,0.004003102404363381,0.0014947065432228596,0.3981481481481481
SHP10350,2025-12-17,East,Ship,Van,162.1,8.88,4,2.2,1410.74,4.0,Fog,Cancelled,2025,12,-1.7999999999999998,0,0.003207935583408548,0.01033300808126298,0.0009151770081593524,0.1574074074074074
SHP10351,2025-12-18,Central,Rail,Bike,365.4,5.97,4,3.7,2122.86,4.6,Fog,In Transit,2025,12,-0.2999999999999998,0,0.007727501100435283,0.006692686832295028,0.0018060834099671475,0.2962962962962963
SHP10352,2025-12-19,West,Road,Van,435.1,10.96,6,6.6,2034.64,5.0,Rain,On Time,2025,12,0.5999999999999996,1,0.009277002903370668,0.012935024644099178,0.0016957147041767138,0.5648148148148148
SHP10353,2025-12-20,North,Air,Bike,309.2,5.82,2,2.1,2344.3,4.5,Clear,On Time,2025,12,0.10000000000000009,1,0.006478118011124401,0.0065050414070904955,0.002083118619786164,0.14814814814814814
SHP10354,2025-12-21,North,Road,Container,61.3,3.68,7,6.0,1330.28,3.9,Clear,On Time,2025,12,-1.0,0,0.0009670491883456123,0.003827966674172484,0.0008145165449095417,0.5092592592592592
SHP10355,2025-12-22,West,Ship,Truck,175.7,7.09,1,0.5,1853.71,4.9,Clear,On Time,2025,12,-0.5,0,0.003510277398615452,0.008093772673822212,0.001469360023393862,0.0
SHP10356,2025-12-23,North,Ship,Bike,254.2,6.85,4,3.4,3068.09,2.6,Rain,Cancelled,2025,12,-0.6000000000000001,0,0.005255412140802362,0.007793539993494958,0.002988624917270385,0.2685185185185185
SHP10357,2025-12-24,East,Road,Truck,1056.9,8.49,1,2.2,3255.58,3.1,Clear,In Transit,2025,12,1.2000000000000002,1,0.023100248542756916,0.009845129975731191,0.003223186565974176,0.1574074074074074
SHP10358,2025-12-25,Central,Road,Van,480.3,13.16,6,8.6,3043.08,4.4,Clear,Delayed,2025,12,2.5999999999999996,1,0.010281844818617143,0.015687157547099,0.0029573358520718048,0.7499999999999999
SHP10359,2025-12-26,East,Rail,Truck,91.0,3.08,3,3.2,1510.69,4.0,Clear,On Time,2025,12,0.20000000000000018,1,0.0016273103583195133,0.0030773849733543497,0.0010402206733571972,0.25
SHP10360,2025-12-27,South,Ship,Truck,323.5,12.73,4,5.6,2166.12,4.4,Clear,Cancelled,2025,12,1.5999999999999996,1,0.00679602153740813,0.015149240661512674,0.0018602043600067545,0.47222222222222215
SHP10361,2025-12-28,West,Road,Truck,788.9,2.73,5,6.6,3803.3,4.0,Rain,In Transit,2025,12,1.5999999999999996,1,0.01714233630191498,0.0026395456478771045,0.003908418344885266,0.5648148148148148
SHP10362,2025-12-29,East,Rail,Truck,221.9,10.69,2,3.4,2827.74,4.4,Storm,On Time,2025,12,1.4,1,0.004537350329685965,0.012597262878731016,0.002687932121569515,0.2685185185185185
SHP10363,2025-12-30,East,Rail,Van,671.5,10.91,1,0.5,2579.28,3.5,Rain,In Transit,2025,12,-0.5,0,0.01453241504417303,0.012872476169031,0.002377093211563948,0.0
SHP10364,2025-12-31,Central,Air,Van,93.7,5.03,6,5.8,1478.62,4.4,Rain,On Time,2025,12,-0.20000000000000018,0,0.0016873341010444133,0.005516775501013285,0.0010000991091461426,0.4907407407407407
SHP10365,2026-01-01,South,Road,Truck,19.9,3.97,3,4.3,1597.42,4.6,Rain,On Time,2026,1,1.2999999999999998,1,4.668513323047779e-05,0.004190747829567915,0.0011487252964948566,0.3518518518518518
SHP10366,2026-01-02,Central,Air,Truck,736.1,3.81,2,2.5,2795.76,4.8,Clear,Delayed,2026,1,0.5,1,0.015968538666405824,0.003990592709349746,0.0026479231529549373,0.18518518518518517
SHP10367,2026-01-03,Central,Ship,Van,244.5,7.57,3,5.1,2474.83,5.0,Clear,Delayed,2026,1,2.0999999999999996,1,0.005039771287309203,0.00869423803447672,0.0022464197665422883,0.4259259259259259
SHP10368,2026-01-04,Unknown,Road,Truck,259.2,11.37,4,5.9,2382.87,4.2,Fog,On Time,2026,1,1.9000000000000004,1,0.005366567219922547,0.013447922139658236,0.0021313720881871727,0.5
SHP10369,2026-01-05,North,Road,Container,395.0,6.46,1,1.1,4415.73,4.2,Clear,On Time,2026,1,0.10000000000000009,1,0.00838553916882678,0.0073056618879631715,0.004674606357662814,0.05555555555555556
SHP10370,2026-01-06,West,Ship,Van,469.0,1.06,2,2.2,1591.25,3.0,Clear,Cancelled,2026,1,0.20000000000000018,1,0.010030634339805524,0.000550426580599965,0.0011410062428253147,0.1574074074074074
SHP10371,2026-01-07,North,Road,Container,30.4,4.79,1,0.5,1367.57,3.7,Rain,Delayed,2026,1,-0.5,0,0.00028011079938286695,0.0052165428206860315,0.0008611686537162213,0.0
SHP10372,2026-01-08,North,Ship,Van,208.7,4.67,3,2.7,1357.92,3.9,Clear,In Transit,2026,1,-0.2999999999999998,0,0.004243900920808675,0.005066426480522405,0.0008490959036495961,0.20370370370370372
SHP10373,2026-01-09,West,Ship,Truck,360.7,9.96,6,5.3,2831.76,4.7,Clear,On Time,2026,1,-0.7000000000000002,0,0.0076230153260623094,0.011684055142735622,0.002692961391545457,0.4444444444444444
SHP10374,2026-01-10,North,Road,Van,468.3,10.3,7,8.1,1888.74,3.6,Clear,On Time,2026,1,1.0999999999999996,1,0.010015072628728697,0.012109384773199231,0.0015131847316668034,0.7037037037037036
SHP10375,2026-01-11,South,Ship,Truck,160.5,7.97,4,2.8,2098.31,4.5,Clear,On Time,2026,1,-1.2000000000000002,0,0.003172365958090089,0.009194625835022141,0.0017753698333727792,0.21296296296296294
SHP10376,2026-01-12,Central,Road,Truck,297.7,12.75,2,3.0,1958.22,4.0,Clear,On Time,2026,1,1.0,1,0.006222461329147974,0.015174260051539944,0.0016001085321465057,0.23148148148148145
SHP10377,2026-01-13,North,Rail,Container,221.4,13.36,6,6.9,1764.01,3.9,Clear,On Time,2026,1,0.9000000000000004,1,0.004526234821773946,0.015937351447371715,0.0013571397455724847,0.5925925925925926
SHP10378,2026-01-14,West,Road,Truck,404.2,5.0,3,1.9,1611.23,4.2,Rain,On Time,2026,1,-1.1,0,0.008590064514407922,0.005479246415972378,0.001166002465243053,0.12962962962962962
SHP10379,2026-01-15,South,Rail,Container,719.3,3.75,2,4.6,2652.14,3.7,Fog,Delayed,2026,1,2.5999999999999996,1,0.015595057600562002,0.003915534539267932,0.0024682456022224264,0.3796296296296296
SHP10380,2026-01-16,North,Road,Container,269.9,6.78,6,6.9,3031.66,3.7,Clear,On Time,2026,1,0.9000000000000004,1,0.005604439089239743,0.00770597212839951,0.0029430487219411455,0.5925925925925926
SHP10381,2026-01-17,West,Road,Bike,109.0,7.95,5,5.9,1713.34,2.9,Fog,In Transit,2026,1,0.9000000000000004,1,0.0020274686431521805,0.009169606444994871,0.0012937484247563286,0.5
SHP10382,2026-01-18,West,Ship,Bike,200.0,4.82,5,4.5,2320.37,3.8,Clear,On Time,2026,1,-0.5,0,0.004050491083139553,0.005254071905726939,0.002053180701745299,0.37037037037037035
SHP10383,2026-01-19,Central,Road,Truck,978.7,39.02,4,6.0,6546.52,3.7,Clear,On Time,2026,1,2.0,1,0.02136178310531722,0.048037228852360586,0.0073403571467264995,0.5092592592592592
SHP10384,2026-01-20,West,Rail,Truck,176.3,16.95,2,3.4,2382.28,3.7,Clear,On Time,2026,1,1.4,1,0.003523616008109875,0.02042833195726688,0.002130633961499162,0.2685185185185185
SHP10385,2026-01-21,West,Road,Van,128.6,4.49,2,2.1,1331.35,4.3,Rain,On Time,2026,1,0.10000000000000009,1,0.0024631965533033068,0.004841251970276965,0.0008158551814454265,0.14814814814814814
SHP10386,2026-01-22,South,Air,Truck,257.8,3.18,4,6.4,2245.57,4.4,Clear,On Time,2026,1,2.4000000000000004,1,0.005335443797768896,0.0032024819234907054,0.0019596012504516647,0.5462962962962963
SHP10387,2026-01-23,North,Road,Van,323.6,4.23,2,2.5,1758.39,4.2,Rain,Cancelled,2026,1,0.5,1,0.006798244638990535,0.00451599989992244,0.0013501087761036315,0.18518518518518517
SHP10388,2026-01-24,West,Ship,Container,231.9,13.52,3,4.5,1901.72,4.6,Rain,In Transit,2026,1,1.5,1,0.004759660487926335,0.016137506567589884,0.0015294235188030518,0.37037037037037035
SHP10389,2026-01-25,West,Road,Van,94.2,13.73,5,5.4,1213.14,4.4,Clear,On Time,2026,1,0.40000000000000036,1,0.0016984496089564318,0.01640021016287623,0.0006679671207847243,0.4537037037037037
SHP10390,2026-01-26,Central,Road,Truck,431.5,17.08,5,6.2,3564.25,3.8,Rain,On Time,2026,1,1.2000000000000002,1,0.009196971246404133,0.02059095799244414,0.003609351930022387,0.5277777777777778
SHP10391,2026-01-27,South,Road,Truck,404.5,3.66,3,1.9,1998.14,3.7,Storm,Delayed,2026,1,-1.1,0,0.008596733819155133,0.0038029472841452127,0.0016500509344946593,0.12962962962962962
SHP10392,2026-01-28,South,Road,Truck,546.8,9.94,5,6.2,2890.5,4.2,Clear,In Transit,2026,1,1.2000000000000002,1,0.011760207370915607,0.011659035752708349,0.0027664487841789873,0.5277777777777778
SHP10393,2026-01-29,West,Rail,Truck,398.3,3.92,5,4.8,1699.01,4.4,Clear,On Time,2026,1,-0.20000000000000018,0,0.008458901521046103,0.004128199354499737,0.0012758207036729359,0.3981481481481481
SHP10394,2026-01-30,South,Road,Bike,928.3,19.41,4,4.5,4261.97,4.9,Rain,Delayed,2026,1,0.5,1,0.020241339907785746,0.02350571693062123,0.004482243036393974,0.37037037037037035
SHP10395,2026-01-31,Central,Ship,Truck,575.0,3.76,2,4.6,2193.66,4.8,Rain,In Transit,2026,1,2.5999999999999996,1,0.012387122017153454,0.0039280442342815676,0.0018946586125285017,0.3796296296296296
SHP10396,2026-02-01,Central,Road,Truck,501.2,2.64,2,2.5,2316.13,3.6,Clear,In Transit,2026,2,0.5,1,0.010746473049339516,0.0025269583927543847,0.0020478761980890826,0.18518518518518517
SHP10397,2026-02-02,South,Road,Truck,736.2,3.04,3,3.0,3690.17,3.9,Clear,In Transit,2026,2,0.0,0,0.01597076176798823,0.0030273461932998074,0.003766885680114559,0.23148148148148145
SHP10398,2026-02-03,West,Rail,Van,381.7,7.12,2,2.2,2961.23,4.4,Clear,In Transit,2026,2,0.20000000000000018,1,0.008089866658367088,0.008131301758863119,0.0028549364123875275,0.1574074074074074
SHP10399,2026-02-04,West,Air,Van,302.3,11.27,2,1.1,2256.88,4.7,Clear,Cancelled,2026,2,-0.8999999999999999,0,0.006324724001938545,0.01332282518952188,0.001973750763742186,0.05555555555555556
SHP10400,2026-02-05,North,Road,Truck,416.1952625,10.8,2,4.0,1778.12,4.6,Clear,On Time,2026,2,2.0,1,0.0088567313848589,0.012734869523881009,0.0013747922329756018,0.32407407407407407
SHP10401,2026-02-06,Central,Road,Truck,416.1952625,3.14,3,2.4,6523.94,4.0,Storm,Delayed,2026,2,-0.6000000000000001,0,0.0088567313848589,0.003152443143436163,0.007312108162632778,0.1759259259259259
SHP10402,2026-02-07,East,Road,Truck,382.6,5.42,6,7.1,4197.41,3.2,Rain,In Transit,2026,2,1.0999999999999996,1,0.008109874572608722,0.006004653606545072,0.004401474461854976,0.611111111111111
SHP10403,2026-02-08,West,Air,Truck,323.3,4.92,2,3.8,2686.94,3.4,Clear,Delayed,2026,2,1.7999999999999998,1,0.006791575334243323,0.005379168855863294,0.002511782566193262,0.3055555555555555
SHP10404,2026-02-09,South,Rail,Van,460.1,2.81,4,4.2,1911.47,4.2,Rain,Cancelled,2026,2,0.20000000000000018,1,0.009832778298971594,0.002739623207986189,0.001541621375087984,0.34259259259259256
SHP10405,2026-02-10,Central,Road,Van,672.8,4.83,4,5.5,2787.78,4.2,Fog,On Time,2026,2,1.5,1,0.014561315364744278,0.005266581600740574,0.0026379396767340396,0.4629629629629629
SHP10406,2026-02-11,South,Ship,Truck,510.9,16.62,1,0.7,2604.53,3.3,Clear,On Time,2026,2,-0.30000000000000004,0,0.010962113902832676,0.02001551202181691,0.0024086825316864654,0.018518518518518514
SHP10407,2026-02-12,North,Ship,Truck,200.4,2.52,6,8.7,2957.8,4.0,Clear,On Time,2026,2,2.6999999999999993,1,0.004059383489469168,0.002376842052590758,0.002850645269099597,0.7592592592592592
SHP10408,2026-02-13,Central,Rail,Bike,603.4,8.32,4,5.8,3018.89,4.4,Clear,On Time,2026,2,1.7999999999999998,1,0.013018482866556106,0.009632465160499388,0.0029270726578633425,0.4907407407407407
SHP10409,2026-02-14,North,Ship,Van,936.8,16.86,3,4.1,3438.44,3.3,Fog,On Time,2026,2,1.0999999999999996,1,0.020430303542290064,0.02031574470214416,0.0034519557967703533,0.33333333333333326
SHP10410,2026-02-15,South,Road,Van,684.1,16.32,5,5.2,3011.72,4.7,Clear,Delayed,2026,2,0.20000000000000018,1,0.014812525843555899,0.019640221171407842,0.0029181025420107307,0.4351851851851852
SHP10411,2026-02-16,Central,Road,Truck,117.8,19.98,2,2.1,3203.89,3.8,Storm,On Time,2026,2,0.10000000000000009,1,0.0022231015824037063,0.02421876954639846,0.0031585191617312888,0.14814814814814814
SHP10412,2026-02-17,Central,Road,Van,507.3,8.87,4,4.4,4348.6,4.8,Clear,In Transit,2026,2,0.40000000000000036,1,0.010882082245866143,0.010320498386249344,0.0045906225533133265,0.3611111111111111
SHP10413,2026-02-18,East,Road,Truck,133.6,9.75,1,3.1,3444.17,3.7,Clear,Delayed,2026,2,2.1,1,0.002574351632423492,0.011421351547449275,0.0034591243830793435,0.24074074074074073
SHP10414,2026-02-19,West,Rail,Van,281.1,7.06,5,4.2,2627.8,3.3,Clear,On Time,2026,2,-0.7999999999999998,0,0.005853426466468959,0.008056243588781304,0.0024377947486865035,0.34259259259259256
SHP10415,2026-02-20,East,Ship,Bike,451.0,2.48,3,3.8,2133.75,3.7,Clear,On Time,2026,2,0.7999999999999998,1,0.009630476054972857,0.0023268032725362155,0.0018197074771407794,0.3055555555555555
SHP10416,2026-02-21,South,Road,Truck,411.7,6.45,4,4.6,1335.3,3.9,Fog,Delayed,2026,2,0.5999999999999996,1,0.008756797133088199,0.007293152192949536,0.000820796877068553,0.3796296296296296
SHP10417,2026-02-22,South,Road,Truck,416.1952625,14.58,2,2.8,3423.55,3.7,Storm,In Transit,2026,2,0.7999999999999998,1,0.0088567313848589,0.017463534239035253,0.0034333274808644406,0.21296296296296294
SHP10418,2026-02-23,West,Road,Truck,939.7,1.05,4,5.2,3314.84,3.9,Clear,In Transit,2026,2,1.2000000000000002,1,0.020494773488179772,0.0005379168855863295,0.003297324510942903,0.4351851851851852
SHP10419,2026-02-24,West,Ship,Truck,481.9,5.06,5,5.6,2546.24,4.2,Storm,In Transit,2026,2,0.5999999999999996,1,0.0103174144439356,0.005554304586054192,0.0023357581170353153,0.47222222222222215
SHP10420,2026-02-25,West,Road,Truck,265.4,10.38,3,4.3,2195.61,3.9,Fog,Cancelled,2026,2,1.2999999999999998,1,0.005504399518031577,0.012209462333308316,0.0018970981837854886,0.3518518518518518
SHP10421,2026-02-26,West,Rail,Truck,61.2,7.18,4,4.7,970.32,4.0,Clear,Delayed,2026,2,0.7000000000000002,1,0.0009648260867632087,0.008206359928944931,0.0003641842014916715,0.3888888888888889
SHP10422,2026-02-27,North,Road,Container,785.7,15.75,3,4.5,3926.57,2.9,Rain,Cancelled,2026,2,1.5,1,0.017071197051278065,0.018927168555630616,0.004062636780192303,0.37037037037037035
SHP10423,2026-02-28,East,Road,Van,324.5,13.64,6,3.4,2907.24,4.3,Clear,In Transit,2026,2,-2.6,0,0.006818252553232168,0.01628762290775351,0.0027873915651235783,0.2685185185185185
SHP10424,2026-03-01,North,Ship,Truck,336.8,2.24,3,3.8,2583.27,3.9,Rain,In Transit,2026,3,0.7999999999999998,1,0.007091694047867823,0.002026570592208962,0.0023820849496743973,0.3055555555555555
SHP10425,2026-03-02,East,Ship,Bike,356.3,7.6,5,3.9,3089.68,5.0,Clear,On Time,2026,3,-1.1,0,0.007525198856436546,0.008731767119517626,0.0030156353498028664,0.31481481481481477
SHP10426,2026-03-03,East,Road,Truck,467.1,4.07,5,6.3,2859.64,3.4,Rain,Cancelled,2026,3,1.2999999999999998,1,0.009988395409739854,0.004315844779704271,0.002727841005209448,0.537037037037037
SHP10427,2026-03-04,Central,Ship,Bike,476.4,4.03,3,5.2,2156.41,2.8,Clear,On Time,2026,3,2.2,1,0.010195143856903397,0.0042658059996497286,0.001848056546209145,0.4351851851851852
SHP10428,2026-03-05,South,Rail,Truck,284.4,2.38,2,1.5,1874.64,4.4,Fog,In Transit,2026,3,-0.5,0,0.005926788818688281,0.0022017063223998597,0.0014955447548855166,0.09259259259259259
SHP10429,2026-03-06,North,Ship,Bike,322.2,8.49,3,3.2,2280.25,4.2,Fog,On Time,2026,3,0.20000000000000018,1,0.006767121216836882,0.009845129975731191,0.0020029880869605315,0.25
SHP10430,2026-03-07,North,Road,Van,218.5,15.96,5,4.7,2325.23,3.3,Clear,On Time,2026,3,-0.2999999999999998,0,0.004461764875884238,0.019189872150916963,0.0020592608639550193,0.3888888888888889
SHP10431,2026-03-08,West,Rail,Container,200.3,9.0,2,3.5,2854.25,3.0,Clear,On Time,2026,3,1.5,1,0.004057160387886764,0.010483124421426607,0.0027210977800427,0.27777777777777773
SHP10432,2026-03-09,East,Road,Bike,199.5,2.26,3,3.4,2244.79,5.0,Clear,On Time,2026,3,0.3999999999999999,1,0.0040393755752275344,0.002051589982236233,0.00195862542194887,0.2685185185185185
SHP10433,2026-03-10,North,Rail,Truck,319.5,6.9,5,7.2,4743.57,4.9,Rain,On Time,2026,3,2.2,1,0.006707097474111982,0.007856088468563137,0.005084754583760476,0.6203703703703703
SHP10434,2026-03-11,North,Road,Bike,170.2,10.12,3,3.7,4807.44,2.4,Clear,In Transit,2026,3,0.7000000000000002,1,0.0033880068115832484,0.01188421026295379,0.005164659925393156,0.2962962962962963
SHP10435,2026-03-12,West,Road,Truck,18.3,6.55,4,4.3,1535.75,3.7,Rain,On Time,2026,3,0.2999999999999998,1,1.1115507912018533e-05,0.007418249143085891,0.0010715722916649307,0.3518518518518518
SHP10436,2026-03-13,North,Road,Truck,262.0,8.89,2,2.4,1034.46,5.0,Clear,On Time,2026,3,0.3999999999999999,1,0.005428814064229851,0.010345517776276616,0.00044442732991378006,0.1759259259259259
SHP10437,2026-03-14,West,Air,Truck,124.3,4.32,2,3.0,2817.55,3.7,Clear,On Time,2026,3,1.0,1,0.0023676031852599474,0.00462858715504516,0.0026751837979240322,0.23148148148148145
SHP10438,2026-03-15,West,Road,Van,373.6,6.02,5,3.8,1932.98,3.7,Clear,Delayed,2026,3,-1.2000000000000002,0,0.007909795430192388,0.006755235307363206,0.0015685317226458192,0.3055555555555555
SHP10439,2026-03-16,North,Rail,Truck,217.8,5.76,1,1.4,1460.67,3.8,Clear,On Time,2026,3,0.3999999999999999,1,0.004446203164807413,0.006429983237008681,0.0009776425429600367,0.08333333333333331
SHP10440,2026-03-17,North,Ship,Van,471.1,17.83,2,2.6,2633.93,3.3,Fog,On Time,2026,3,0.6000000000000001,1,0.010077319473036002,0.02152918511846681,0.0024454637598687223,0.19444444444444445
SHP10441,2026-03-18,Unknown,Road,Van,134.6,3.2,5,5.9,1356.11,2.9,Storm,On Time,2026,3,0.9000000000000004,1,0.002596582648247529,0.0032275013135179766,0.0008468314810982392,0.5
SHP10442,2026-03-19,South,Rail,Container,73.1,1.15,3,2.9,1898.29,4.7,Clear,Delayed,2026,3,-0.10000000000000009,0,0.0012293751750692497,0.000663013835722685,0.0015251323755151216,0.2222222222222222
SHP10443,2026-03-20,South,Road,Container,322.8,17.12,7,6.4,1823.4,2.8,Clear,On Time,2026,3,-0.5999999999999996,0,0.0067804598263313046,0.02064099677249869,0.0014314403286250109,0.5462962962962963
SHP10444,2026-03-21,West,Ship,Truck,253.7,7.78,7,7.4,1500.42,4.2,Clear,On Time,2026,3,0.40000000000000036,1,0.005244296632890343,0.008956941629763066,0.0010273722647370683,0.6388888888888888
SHP10445,2026-03-22,Central,Road,Truck,115.0,2.7,2,1.1,1811.22,4.6,Rain,On Time,2026,3,-0.8999999999999999,0,0.002160854738096403,0.002602016562836198,0.0014162023912352184,0.05555555555555556
SHP10446,2026-03-23,Central,Air,Truck,575.3,12.88,1,0.5,3423.68,3.1,Clear,Cancelled,2026,3,-0.5,0,0.012393791321900664,0.015336886086717207,0.00343349011894824,0.0
SHP10447,2026-03-24,West,Ship,Truck,154.9,10.53,4,4.9,2434.1,3.4,Rain,On Time,2026,3,0.9000000000000004,1,0.0030478722694754815,0.012397107758512847,0.002195464003825848,0.40740740740740744
SHP10448,2026-03-25,South,Ship,Truck,192.8,19.68,3,3.9,1899.1,4.8,Storm,Delayed,2026,3,0.8999999999999999,1,0.0038904277692064864,0.02384347869598939,0.0015261457358834083,0.31481481481481477
SHP10449,2026-03-26,North,Air,Truck,647.5,8.21,2,3.4,2419.5,4.3,Clear,On Time,2026,3,1.4,1,0.01399887066439614,0.009494858515349397,0.0021771984959530265,0.2685185185185185
SHP10450,2026-03-27,West,Road,Truck,489.4,28.72,4,6.0,2999.1,3.6,Rain,On Time,2026,3,2.0,1,0.010484147062615879,0.03515224298831594,0.0029023141372603875,0.5092592592592592
SHP10451,2026-03-28,East,Rail,Bike,141.1,6.59,1,0.5,1923.96,4.8,Clear,On Time,2026,3,-0.5,0,0.00274108425110377,0.0074682879231404336,0.0015572471417545281,0.0
SHP10452,2026-03-29,South,Ship,Van,271.0,10.54,6,5.0,3708.66,4.8,Clear,On Time,2026,3,-1.0,0,0.005628893206646185,0.012409617453526483,0.0037900178198795225,0.41666666666666663
SHP10453,2026-03-30,Central,Rail,Truck,129.3,11.56,2,2.1,1082.1,4.2,Clear,On Time,2026,3,0.10000000000000009,1,0.002478758264380133,0.013685606344917313,0.0005040279323152338,0.14814814814814814
SHP10454,2026-03-31,North,Road,Van,617.2,5.21,2,2.5,2613.6,3.4,Clear,On Time,2026,3,0.5,1,0.013325270884927819,0.005741950011258726,0.0024200296656869094,0.18518518518518517
SHP10455,2026-04-01,East,Ship,Truck,616.9,5.09,2,2.0,2117.65,3.7,Clear,On Time,2026,4,0.0,0,0.013318601580180606,0.005591833671095099,0.0017995653759933527,0.13888888888888887
SHP10456,2026-04-02,North,Air,Truck,1026.7,11.71,7,8.4,3157.05,4.2,Clear,Delayed,2026,4,1.4000000000000004,1,0.022428871864870997,0.013873251770121846,0.0030999194090762907,0.7314814814814815
SHP10457,2026-04-03,East,Rail,Van,1277.4,2.51,4,5.2,4960.94,3.9,Clear,Cancelled,2026,4,1.2000000000000002,1,0.02800218753195709,0.002364332357577122,0.005356697970494398,0.4351851851851852
SHP10458,2026-04-04,North,Road,Van,215.8,4.05,5,3.5,2251.75,4.6,Clear,On Time,2026,4,-1.5,0,0.004401741133159339,0.004290825389677,0.001967332814743037,0.27777777777777773
SHP10459,2026-04-05,South,Rail,Truck,553.5,6.46,3,3.3,2995.63,3.0,Rain,Delayed,2026,4,0.2999999999999998,1,0.011909155176936657,0.0073056618879631715,0.0028979729514851346,0.25925925925925924
SHP10460,2026-04-06,North,Road,Bike,63.1,19.3,3,2.0,2825.68,3.0,Storm,Cancelled,2026,4,-1.0,0,0.001007065016828879,0.02336811028547124,0.0026853549334723914,0.13888888888888887
SHP10461,2026-04-07,West,Rail,Bike,393.6,11.72,2,2.8,2207.02,4.1,Clear,In Transit,2026,4,0.7999999999999998,1,0.00835441574667313,0.013885761465135482,0.0019113728032943169,0.21296296296296294
SHP10462,2026-04-08,West,Road,Van,461.9,7.57,3,3.0,2236.45,3.7,Clear,On Time,2026,4,0.0,0,0.00987279412745486,0.00869423803447672,0.001948191563342066,0.23148148148148145
SHP10463,2026-04-09,East,Rail,Van,162.0,4.86,4,5.3,4559.04,3.6,Clear,In Transit,2026,4,1.2999999999999998,1,0.0032057124818261444,0.005304110685781481,0.004853896079118573,0.4444444444444444
SHP10464,2026-04-10,Central,Ship,Van,205.5,24.25,4,5.9,2359.11,2.9,Fog,On Time,2026,4,1.9000000000000004,1,0.004172761670171757,0.029560409317220846,0.0021016468507174305,0.5
SHP10465,2026-04-11,South,Road,Truck,619.6,6.87,2,3.6,3419.44,4.0,Rain,On Time,2026,4,1.6,1,0.013378625322905508,0.00781855938352223,0.0034281856152920233,0.28703703703703703
SHP10466,2026-04-12,South,Ship,Truck,469.6,4.05,6,5.1,2391.1,4.0,Clear,On Time,2026,4,-0.9000000000000004,0,0.010043972949299946,0.004290825389677,0.0021416683299538388,0.4259259259259259
SHP10467,2026-04-13,Central,Ship,Truck,945.4,27.19,2,4.9,3470.07,4.4,Clear,On Time,2026,4,2.9000000000000004,1,0.020621490278376783,0.0332382596512297,0.0034915268936208566,0.40740740740740744
SHP10468,2026-04-14,North,Ship,Van,877.1,2.61,7,9.8,2414.62,4.0,Clear,On Time,2026,4,2.8000000000000007,1,0.019103111897595053,0.0024894293077134776,0.002171093312499645,0.8611111111111112
SHP10469,2026-04-15,Central,Air,Van,81.1,16.28,1,1.1,1629.66,3.9,Clear,On Time,2026,4,0.10000000000000009,1,0.0014072233016615462,0.0195901823913533,0.0011890595412770329,0.05555555555555556
SHP10470,2026-04-16,North,Rail,Truck,232.8,7.24,3,4.7,2932.03,4.8,Storm,Delayed,2026,4,1.7000000000000002,1,0.004779668402167969,0.008281418099026746,0.0028184053966418842,0.3888888888888889
SHP10471,2026-04-17,Central,Air,Bike,148.3,11.7,3,2.7,2605.51,3.1,Fog,On Time,2026,4,-0.2999999999999998,0,0.002901147565036837,0.013860742075108208,0.002409908572625874,0.20370370370370372
SHP10472,2026-04-18,North,Ship,Bike,416.1952625,10.35,3,1.9,3617.29,4.3,Clear,On Time,2026,4,-1.1,0,0.0088567313848589,0.012171933248267408,0.0036757082682124186,0.12962962962962962
SHP10473,2026-04-19,Central,Road,Container,420.7,11.59,4,3.8,2035.43,2.9,Clear,On Time,2026,4,-0.20000000000000018,0,0.008956876275504533,0.01372313542995822,0.001696703043301339,0.3055555555555555
SHP10474,2026-04-20,East,Road,Van,156.9,28.75,3,5.0,4298.98,3.5,Clear,On Time,2026,4,2.0,1,0.0030923343011235557,0.03518977207335685,0.004528544847789393,0.41666666666666663
SHP10475,2026-04-21,Central,Rail,Bike,177.8,26.01,3,1.8,2014.39,3.2,Clear,Delayed,2026,4,-1.2,0,0.0035569625318459305,0.031762115639620704,0.0016703806949695465,0.12037037037037036
SHP10476,2026-04-22,North,Ship,Truck,756.5,4.21,5,6.1,3174.12,4.5,Fog,Cancelled,2026,4,1.0999999999999996,1,0.01642205138921618,0.004490980509895169,0.003121275040541295,0.5185185185185185
SHP10477,2026-04-23,East,Air,Container,253.3,10.09,4,4.4,2115.5,4.0,Clear,On Time,2026,4,0.40000000000000036,1,0.0052354042265607284,0.011846681177912884,0.0017968755922997523,0.3611111111111111
SHP10478,2026-04-24,Central,Air,Truck,53.5,1.69,5,4.6,1278.29,4.0,Clear,On Time,2026,4,-0.40000000000000036,0,0.0007936472649181233,0.0013385373664590056,0.0007494738220117334,0.3796296296296296
SHP10479,2026-04-25,East,Road,Container,145.5,12.42,2,1.8,3285.44,3.3,Clear,In Transit,2026,4,-0.19999999999999996,0,0.0028389007207295335,0.01476144011608997,0.003260543282760646,0.12037037037037036
SHP10480,2026-04-26,West,Ship,Truck,1069.4,14.37,4,5.6,3678.0,3.8,Fog,On Time,2026,4,1.5999999999999996,1,0.02337813624055738,0.017200830643748905,0.003751660253346597,0.47222222222222215
SHP10481,2026-04-27,West,Road,Bike,659.6,1.17,4,4.4,2069.0,3.5,Rain,In Transit,2026,4,0.40000000000000036,1,0.014267865955866989,0.0006880332257499562,0.0017387012007869982,0.3611111111111111
SHP10482,2026-04-28,East,Rail,Bike,122.2,7.05,3,1.8,1740.96,4.2,Clear,On Time,2026,4,-1.2,0,0.0023209180520294696,0.00804373389376767,0.0013283027622527216,0.12037037037037036
SHP10483,2026-04-29,West,Road,Truck,393.5,11.68,3,3.8,2247.22,3.4,Clear,On Time,2026,4,0.7999999999999998,1,0.008352192645090725,0.013835722685080938,0.0019616655030537298,0.3055555555555555
SHP10484,2026-04-30,Unknown,Road,Van,633.5,9.15,3,5.0,9480.34,4.9,Clear,On Time,2026,4,2.0,1,0.013687636442859622,0.01067076984663114,0.011010748400660872,0.41666666666666663
SHP10485,2026-05-01,Central,Road,Bike,80.0,2.65,2,3.0,2027.01,2.9,Storm,On Time,2026,5,1.0,1,0.0013827691842551056,0.00253946808776802,0.0016861690997198896,0.23148148148148145
SHP10486,2026-05-02,North,Road,Van,679.4,2.89,2,2.2,2563.47,3.5,Clear,On Time,2026,5,0.20000000000000018,1,0.014708040069182922,0.0028397007680952737,0.0023573139184496113,0.1574074074074074
SHP10487,2026-05-03,South,Air,Bike,466.6,6.48,2,1.4,1931.31,5.0,Clear,In Transit,2026,5,-0.6000000000000001,0,0.009977279901827835,0.007330681277990443,0.0015664424488000923,0.08333333333333331
SHP10488,2026-05-04,Central,Road,Van,196.0,5.21,4,4.0,1044.44,3.7,Clear,Delayed,2026,5,0.0,0,0.003961567019843405,0.005741950011258726,0.00045691293050081845,0.32407407407407407
SHP10489,2026-05-05,Central,Road,Truck,517.3,5.58,4,6.3,2022.97,3.1,Fog,Delayed,2026,5,2.3,1,0.011104392404106513,0.006204808726763242,0.001681114808500287,0.537037037037037
SHP10490,2026-05-06,East,Road,Truck,424.8,2.36,7,8.3,2308.22,4.1,Clear,In Transit,2026,5,1.3000000000000007,1,0.009048023440383085,0.0021766869323725886,0.0020379802962209987,0.7222222222222222
SHP10491,2026-05-07,West,Road,Truck,444.8,7.33,4,5.3,3892.32,3.8,Clear,On Time,2026,5,1.2999999999999998,1,0.009492643756863827,0.008394005354149466,0.0040197879004221565,0.4444444444444444
SHP10492,2026-05-08,South,Road,Container,383.8,19.39,1,2.4,3769.06,3.5,Rain,Delayed,2026,5,1.4,1,0.008136551791597566,0.02348069754059396,0.0038655819757369503,0.1759259259259259
SHP10493,2026-05-09,North,Road,Truck,172.6,2.74,6,6.7,1850.34,3.3,Rain,On Time,2026,5,0.7000000000000002,1,0.0034413612495609374,0.0026520553428907405,0.0014651439438369159,0.5740740740740741
SHP10494,2026-05-10,East,Rail,Van,199.5,6.1,5,5.4,1667.01,5.0,Rain,In Transit,2026,5,0.40000000000000036,1,0.0040393755752275344,0.006855312867472291,0.0012357867138146964,0.4537037037037037
SHP10495,2026-05-11,South,Rail,Van,290.8,10.84,3,4.1,2424.24,3.8,Fog,On Time,2026,5,1.0999999999999996,1,0.0060690673199621185,0.012784908303935551,0.002183128530700778,0.33333333333333326
SHP10496,2026-05-12,East,Rail,Van,357.4,1.93,4,4.0,1765.02,2.7,Clear,Delayed,2026,5,0.0,0,0.007549652973842987,0.0016387700467862594,0.0013584033183773852,0.32407407407407407
SHP10497,2026-05-13,North,Road,Bike,537.6,7.38,7,6.4,4559.5,5.0,Clear,In Transit,2026,5,-0.5999999999999996,0,0.011555682025334468,0.008456553829217643,0.004854471567722785,0.5462962962962963
SHP10498,2026-05-14,Central,Road,Bike,1085.2,14.08,4,6.3,3972.44,4.4,Storm,On Time,2026,5,2.3,1,0.023729386290577165,0.016838049488353476,0.004120023002529723,0.537037037037037
SHP10499,2026-05-15,Central,Ship,Truck,406.2,3.24,6,7.8,2162.8,3.5,Clear,On Time,2026,5,1.7999999999999998,1,0.008634526546055996,0.003277540093572519,0.0018560508335589625,0.6759259259259258
SHP10500,2026-05-16,West,Rail,Container,531.4,7.89,1,0.6,1803.5,3.4,Rain,On Time,2026,5,-0.4,0,0.011417849727225437,0.009094548274913057,0.0014065441911819182,0.009259259259259257
SHP10501,2026-05-17,East,Road,Container,612.7,13.42,2,3.7,2906.09,4.4,Rain,On Time,2026,5,1.7000000000000002,1,0.013225231313719651,0.016012409617453528,0.0027859528436130483,0.2962962962962963
SHP10502,2026-05-18,South,Road,Van,556.4,27.82,3,5.5,4117.75,3.8,Clear,Delayed,2026,5,2.5,1,0.011973625122826364,0.03402637043708874,0.004301814848351621,0.4629629629629629
SHP10503,2026-05-19,West,Road,Bike,167.3,7.61,4,4.2,1308.09,2.7,Clear,Cancelled,2026,5,0.20000000000000018,1,0.0033235368656935414,0.008744276814531262,0.0007867554750672187,0.34259259259259256
SHP10504,2026-05-20,West,Road,Truck,801.7,4.12,5,5.3,2709.94,5.0,Rain,On Time,2026,5,0.2999999999999998,1,0.01742689330446266,0.004378393254772448,0.0025405569964038715,0.4444444444444444
SHP10505,2026-05-21,North,Road,Truck,723.8,4.15,7,8.2,3611.91,3.7,Fog,On Time,2026,5,1.1999999999999993,1,0.01569509717177017,0.0044159223398133555,0.003668977553667502,0.7129629629629628
SHP10506,2026-05-22,Central,Rail,Bike,380.1,2.25,3,3.0,1452.96,5.0,Rain,Delayed,2026,5,0.0,0,0.008054297033048628,0.0020390802872225972,0.0009679968535285671,0.23148148148148145
SHP10507,2026-05-23,West,Rail,Truck,175.5,20.41,1,0.6,3268.95,4.8,Clear,On Time,2026,5,-0.4,0,0.003505831195450645,0.024756686431984788,0.003239913267361821,0.009259259259259257
SHP10508,2026-05-24,Central,Rail,Container,353.4,12.89,5,5.9,2133.07,3.3,Clear,On Time,2026,5,0.9000000000000004,1,0.007460728910546838,0.015349395781730843,0.001818856754856292,0.5
SHP10509,2026-05-25,West,Air,Bike,89.7,2.89,4,2.5,1277.25,4.7,Clear,Cancelled,2026,5,-1.5,0,0.001598410037748265,0.0028397007680952737,0.0007481727173413407,0.18518518518518517
SHP10510,2026-05-26,East,Ship,Truck,867.9,3.94,2,1.8,2700.47,3.6,Clear,Delayed,2026,5,-0.19999999999999996,0,0.01889858655201391,0.004153218744527008,0.0025287094375301988,0.12037037037037036
SHP10511,2026-05-27,South,Air,Bike,214.1,7.52,3,3.3,2226.3,2.8,Clear,On Time,2026,5,0.2999999999999998,1,0.004363948406258475,0.008631689559408542,0.0019354932821839064,0.25925925925925924
SHP10512,2026-05-28,Unknown,Ship,Truck,280.0,14.02,5,5.4,5795.49,3.7,Storm,On Time,2026,5,0.40000000000000036,1,0.0058289723490625184,0.01676299131827166,0.006400771915375451,0.4537037037037037
SHP10513,2026-05-29,Central,Road,Van,829.5,10.11,5,6.5,4041.53,4.3,Fog,Delayed,2026,5,1.5,1,0.018044915544370887,0.011871700567940154,0.004206458888758028,0.5555555555555555
SHP10514,2026-05-30,North,Road,Van,768.0,9.45,3,6.0,2773.79,3.7,Rain,In Transit,2026,5,3.0,1,0.016677708071192607,0.011046060697040207,0.0026204373167928894,0.5092592592592592
SHP10515,2026-05-31,North,Road,Bike,436.2,8.26,3,3.7,3512.07,3.8,Clear,In Transit,2026,5,0.7000000000000002,1,0.009301457020777108,0.009557406990417574,0.003544071505309796,0.2962962962962963
SHP10516,2026-06-01,South,Rail,Truck,949.9,3.02,7,9.0,3213.72,4.7,Clear,On Time,2026,6,2.0,1,0.02072152984958495,0.003002326803272536,0.0031708171029908665,0.787037037037037
SHP10517,2026-06-02,West,Ship,Van,163.0,7.59,4,3.3,3205.34,4.1,Storm,Cancelled,2026,6,-0.7000000000000002,0,0.0032279434976501815,0.00871925742450399,0.00316033320189674,0.25925925925925924
SHP10518,2026-06-03,Central,Road,Van,436.3,6.96,3,4.4,3092.21,3.5,Clear,Delayed,2026,6,1.4000000000000004,1,0.009303680122359511,0.00793114663864495,0.003018800537126033,0.3611111111111111
SHP10519,2026-06-04,North,Road,Container,164.1,2.23,3,2.7,679.22,4.5,Clear,Delayed,2026,6,-0.2999999999999998,0,0.003252397615056622,0.002014060897195326,0.0,0.20370370370370372
SHP10520,2026-06-05,East,Road,Van,695.9,20.08,5,6.1,2931.46,4.1,Clear,Delayed,2026,6,1.0999999999999996,1,0.015074851830279535,0.024343866496534812,0.0028176922911975336,0.5185185185185185
SHP10521,2026-06-06,South,Ship,Truck,680.4,4.56,2,2.9,3693.84,2.4,Fog,On Time,2026,6,0.8999999999999999,1,0.01473027108500696,0.004928819835372413,0.0037714770783264257,0.2222222222222222
SHP10522,2026-06-07,Central,Road,Truck,991.9,2.28,2,4.4,3579.37,4.3,Fog,Cancelled,2026,6,2.4000000000000004,1,0.021655232514194506,0.002076609372263504,0.0036282679902304047,0.3611111111111111
SHP10523,2026-06-08,Central,Road,Truck,345.9,5.16,3,2.2,1631.75,4.3,Clear,On Time,2026,6,-0.7999999999999998,0,0.00729399629186656,0.005679401536190547,0.0011916742612396488,0.1574074074074074
SHP10524,2026-06-09,West,Road,Container,1164.4,5.92,3,2.4,3624.24,4.0,Fog,On Time,2026,6,-0.6000000000000001,0,0.025490082743840903,0.00663013835722685,0.0036844031503847547,0.1759259259259259
SHP10525,2026-06-10,East,Road,Truck,153.1,6.81,4,4.0,999.95,4.6,Clear,In Transit,2026,6,0.0,0,0.0030078564409922147,0.007743501213440415,0.00040125317397603504,0.32407407407407407
SHP10526,2026-06-11,South,Ship,Truck,332.9,5.85,2,2.9,2091.6,3.6,Clear,Delayed,2026,6,0.8999999999999999,1,0.007004993086154079,0.006542570492131401,0.0017669752061243796,0.2222222222222222
SHP10527,2026-06-12,South,Road,Bike,157.7,7.09,4,4.4,4683.37,4.2,Fog,In Transit,2026,6,0.40000000000000036,1,0.003110119113782785,0.008093772673822212,0.005009440640339664,0.3611111111111111
SHP10528,2026-06-13,North,Ship,Truck,396.6,7.97,3,4.8,3038.41,3.0,Fog,On Time,2026,6,1.7999999999999998,1,0.008421108794145241,0.009194625835022141,0.002951493391676868,0.3981481481481481
SHP10529,2026-06-14,Central,Rail,Bike,169.1,7.68,1,1.7,4683.77,4.3,Rain,On Time,2026,6,0.7,1,0.0033635526941768077,0.008831844679626711,0.005009941065212893,0.1111111111111111
SHP10530,2026-06-15,West,Road,Van,697.1,9.41,2,2.4,3832.04,5.0,Rain,Cancelled,2026,6,0.3999999999999999,1,0.01510152904926838,0.010996021916985664,0.003944373872026697,0.1759259259259259
SHP10531,2026-06-16,Central,Rail,Container,476.9,9.79,6,4.4,3524.47,3.4,Fog,On Time,2026,6,-1.5999999999999996,0,0.010206259364815416,0.011471390327503815,0.0035595846763798633,0.3611111111111111
SHP10532,2026-06-17,Central,Air,Truck,142.6,9.96,5,5.0,4251.73,3.5,Fog,In Transit,2026,6,0.0,0,0.0027744307748398256,0.011684055142735622,0.004469432159639337,0.41666666666666663
SHP10533,2026-06-18,East,Road,Truck,595.9,11.68,2,3.9,3211.22,3.5,Fog,On Time,2026,6,1.9,1,0.012851750247875828,0.013835722685080938,0.003167689447533192,0.31481481481481477
SHP10534,2026-06-19,West,Road,Container,908.2,4.19,5,5.9,3238.07,4.1,Rain,In Transit,2026,6,0.9000000000000004,1,0.019794496489722604,0.004465961119867898,0.0032012804671486214,0.5
SHP10535,2026-06-20,Central,Road,Container,507.9,4.31,4,4.8,3406.95,3.3,Storm,On Time,2026,6,0.7999999999999998,1,0.010895420855360565,0.004616077460031524,0.0034125598486254784,0.3981481481481481
SHP10536,2026-06-21,Central,Road,Container,109.6,14.06,7,7.6,3429.46,4.3,Storm,Delayed,2026,6,0.5999999999999996,1,0.0020408072526466024,0.016813030098326204,0.003440721258366384,0.6574074074074073
SHP10537,2026-06-22,South,Air,Truck,310.7,5.28,3,2.4,1799.12,4.6,Clear,In Transit,2026,6,-0.6000000000000001,0,0.006511464534860456,0.005829517876354174,0.0014010645388200715,0.1759259259259259
SHP10538,2026-06-23,East,Road,Container,551.3,6.55,4,5.4,2257.07,4.3,Fog,On Time,2026,6,1.4000000000000004,1,0.011860246942123774,0.007418249143085891,0.0019739884655569696,0.4537037037037037
SHP10539,2026-06-24,North,Rail,Container,289.8,6.13,1,3.1,2160.26,2.9,Clear,In Transit,2026,6,2.1,1,0.006046836304138082,0.006892841952513198,0.0018528731356139648,0.24074074074074073
SHP10540,2026-06-25,Central,Air,Van,151.5,7.06,3,3.0,3199.32,4.6,Clear,In Transit,2026,6,0.0,0,0.0029722868156737553,0.008056243588781304,0.0031528018075546596,0.23148148148148145
SHP10541,2026-06-26,East,Road,Container,748.3,3.66,7,6.9,3654.22,4.6,Rain,In Transit,2026,6,-0.09999999999999964,0,0.016239757059459077,0.0038029472841452127,0.0037219099946331933,0.5925925925925926
SHP10542,2026-06-27,North,Rail,Container,280.8,3.61,4,4.3,1297.86,4.5,Clear,Cancelled,2026,6,0.2999999999999998,1,0.005846757161721748,0.0037403988090770343,0.0007739571089344128,0.3518518518518518
SHP10543,2026-06-28,West,Road,Van,908.6,7.11,3,2.1,5715.94,4.2,Clear,On Time,2026,6,-0.8999999999999999,0,0.01980338889605222,0.008118792063849484,0.006301249918712234,0.14814814814814814
SHP10544,2026-06-29,East,Ship,Truck,233.8,6.26,2,2.7,1585.27,4.1,Fog,On Time,2026,6,0.7000000000000002,1,0.004801899417992006,0.00705546798769046,0.0011335248909705561,0.20370370370370372
SHP10545,2026-06-30,South,Road,Van,268.9,2.87,4,4.8,1739.59,4.7,Clear,On Time,2026,6,0.7999999999999998,1,0.005582208073415707,0.0028146813780680026,0.0013265888070619156,0.3981481481481481
SHP10546,2026-07-01,North,Ship,Truck,220.1,6.7,4,6.0,1456.42,5.0,Clear,On Time,2026,7,2.0,1,0.004497334501202698,0.007605894568290425,0.0009723255286819893,0.5092592592592592
SHP10547,2026-07-02,West,Rail,Truck,306.9,7.25,3,3.2,6274.81,3.4,Storm,On Time,2026,7,0.20000000000000018,1,0.006426986674729115,0.008293927794040382,0.007000431040964555,0.25
SHP10548,2026-07-03,East,Road,Truck,471.7,4.89,7,8.1,2593.45,4.7,Clear,Delayed,2026,7,1.0999999999999996,1,0.010090658082530424,0.005341639770822387,0.0023948207626980494,0.7037037037037036
SHP10549,2026-07-04,West,Rail,Truck,158.1,6.42,1,0.5,1331.49,3.9,Clear,On Time,2026,7,-0.5,0,0.0031190115201124,0.007255623107908629,0.0008160303301510565,0.0
SHP10550,2026-07-05,East,Ship,Truck,134.7,3.94,3,2.8,2383.41,3.9,Clear,On Time,2026,7,-0.20000000000000018,0,0.0025988057498299326,0.004153218744527008,0.0021320476617660306,0.21296296296296294
SHP10551,2026-07-06,Central,Rail,Truck,78.4,300.0,6,4.6,2123.08,3.0,Clear,On Time,2026,7,-1.4000000000000004,0,0.0013471995589366464,0.3745152493182216,0.0018063586436474226,0.3796296296296296
SHP10552,2026-07-07,East,Ship,Container,69.7,5.25,3,2.9,1430.17,3.8,Rain,In Transit,2026,7,-0.10000000000000009,0,0.001153789721267524,0.005791988791313268,0.0009394851463764022,0.2222222222222222
SHP10553,2026-07-08,East,Ship,Bike,110.7,3.24,2,1.9,2281.27,3.4,Fog,Delayed,2026,7,-0.10000000000000009,0,0.0020652613700530434,0.003277540093572519,0.002004264170387263,0.12962962962962962
SHP10554,2026-07-09,Central,Road,Truck,232.6,2.45,4,4.6,1367.24,3.7,Clear,On Time,2026,7,0.5999999999999996,1,0.004775222199003161,0.0022892741874953088,0.0008607558031958083,0.3796296296296296
SHP10555,2026-07-10,South,Road,Bike,391.6,1.45,5,4.9,1836.44,3.3,Fog,In Transit,2026,7,-0.09999999999999964,0,0.008309953715025055,0.001038304686131752,0.0014477541794922434,0.40740740740740744
SHP10556,2026-07-11,North,Rail,Van,454.4,8.36,2,2.7,1693.45,3.7,Clear,On Time,2026,7,0.7000000000000002,1,0.009706061508774582,0.009682503940553928,0.0012688647979350667,0.20370370370370372
SHP10557,2026-07-12,North,Road,Truck,379.3,5.12,6,6.2,1598.79,3.7,Clear,Cancelled,2026,7,0.20000000000000018,1,0.008036512220389399,0.005629362756136005,0.0011504392516856624,0.5277777777777778
SHP10558,2026-07-13,West,Ship,Truck,844.0,14.11,5,5.9,5626.06,4.1,Rain,Delayed,2026,7,0.9000000000000004,1,0.018367265273819423,0.01687557857339438,0.006188804449697905,0.5
SHP10559,2026-07-14,West,Ship,Van,1015.2,5.44,2,3.5,5413.11,3.0,Rain,On Time,2026,7,1.5,1,0.02217321518289457,0.0060296729965723436,0.005922390757813151,0.27777777777777773
SHP10560,2026-07-15,West,Road,Container,281.8,8.33,4,4.4,2168.13,3.1,Rain,Delayed,2026,7,0.40000000000000036,1,0.005868988177545785,0.009644974855513022,0.0018627189949947255,0.3611111111111111
SHP10561,2026-07-16,North,Road,Container,160.2,4.39,3,4.0,3530.93,4.2,Clear,In Transit,2026,7,1.0,1,0.0031656966533428776,0.0047161550201406085,0.0035676665380824954,0.32407407407407407
SHP10562,2026-07-17,North,Air,Truck,1209.2,6.96,3,4.6,4013.67,3.5,Clear,On Time,2026,7,1.5999999999999996,1,0.026486032252757762,0.00793114663864495,0.004171604296337698,0.3796296296296296
SHP10563,2026-07-18,North,Road,Truck,732.1,1.45,5,5.7,2721.48,4.7,Clear,In Transit,2026,7,0.7000000000000002,1,0.015879614603109677,0.001038304686131752,0.0025549942539964993,0.48148148148148145
SHP10564,2026-07-19,South,Ship,Truck,698.0,5.19,7,7.8,2967.48,4.1,Clear,On Time,2026,7,0.7999999999999998,1,0.015121536963510013,0.005716930621231455,0.002862755551031715,0.6759259259259258
SHP10565,2026-07-20,East,Road,Truck,416.1952625,3.68,2,1.6,1756.39,4.4,Rain,On Time,2026,7,-0.3999999999999999,0,0.0088567313848589,0.003827966674172484,0.0013476066517374916,0.10185185185185186
SHP10566,2026-07-21,South,Rail,Truck,605.6,13.18,3,3.5,2870.3,4.9,Clear,On Time,2026,7,0.5,1,0.013067391101368989,0.015712176937126274,0.002741177328080974,0.27777777777777773
SHP10567,2026-07-22,South,Road,Truck,381.4,7.97,3,5.6,3391.06,3.8,Rain,On Time,2026,7,2.5999999999999996,1,0.008083197353619877,0.009194625835022141,0.0033926804705364973,0.47222222222222215
SHP10568,2026-07-23,Central,Rail,Container,328.1,11.99,3,2.6,2457.76,3.6,Clear,On Time,2026,7,-0.3999999999999999,0,0.0068982842101987015,0.014223523230503642,0.002225064135077284,0.19444444444444445
SHP10569,2026-07-24,South,Road,Bike,327.7,15.13,3,3.2,3043.88,4.6,Clear,Cancelled,2026,7,0.20000000000000018,1,0.006889391803869086,0.01815156746478521,0.002958336701818261,0.25
SHP10570,2026-07-25,East,Rail,Truck,486.3,4.88,1,1.3,3377.88,4.3,Clear,On Time,2026,7,0.30000000000000004,1,0.010415230913561365,0.005329130075808751,0.0033761914709636346,0.07407407407407407
SHP10571,2026-07-26,West,Road,Bike,861.4,7.74,4,5.0,3666.4,3.9,Clear,On Time,2026,7,1.0,1,0.01875408494915767,0.008906902849708524,0.0037371479320229863,0.41666666666666663
SHP10572,2026-07-27,South,Air,Truck,1271.4,3.0,3,4.5,3612.85,4.9,Fog,On Time,2026,7,1.5,1,0.02786880143701287,0.002977307413245265,0.0036701535521195885,0.37037037037037035
SHP10573,2026-07-28,West,Ship,Van,256.0,9.21,2,2.6,1461.44,3.9,Clear,In Transit,2026,7,0.6000000000000001,1,0.0052954279692856284,0.010745828016712955,0.0009786058608410005,0.19444444444444445
SHP10574,2026-07-29,Central,Road,Truck,396.4,10.12,5,3.9,2541.59,4.0,Clear,Cancelled,2026,7,-1.1,0,0.008416662590980431,0.01188421026295379,0.0023299406778840405,0.31481481481481477
SHP10575,2026-07-30,Central,Road,Van,322.3,8.78,5,6.5,2119.38,4.0,Fog,In Transit,2026,7,1.5,1,0.006769344318419287,0.010207911131126624,0.001801729713570064,0.5555555555555555
SHP10576,2026-07-31,North,Road,Bike,465.0,4.88,3,4.3,2465.44,3.4,Rain,Cancelled,2026,7,1.2999999999999998,1,0.009941710276509376,0.005329130075808751,0.0022346722926432612,0.3518518518518518
SHP10577,2026-08-01,Central,Rail,Van,294.2,21.28,3,2.2,2593.35,4.1,Clear,In Transit,2026,8,-0.7999999999999998,0,0.006144652773763844,0.025845029898171085,0.0023946956564797426,0.1574074074074074
SHP10578,2026-08-02,East,Rail,Truck,205.8,7.24,4,2.0,5725.06,4.9,Clear,Cancelled,2026,8,-2.0,0,0.004179430974918968,0.008281418099026746,0.006312659605821833,0.13888888888888887
SHP10579,2026-08-03,South,Rail,Van,256.3,3.02,3,2.4,1252.67,4.3,Rain,Delayed,2026,8,-0.6000000000000001,0,0.00530209727403284,0.003002326803272536,0.0007174216088814806,0.1759259259259259
SHP10580,2026-08-04,East,Road,Truck,228.1,10.77,2,2.1,1284.44,4.0,Storm,On Time,2026,8,0.10000000000000009,1,0.004675182627794995,0.012697340438840101,0.0007571678544376139,0.14814814814814814
SHP10581,2026-08-05,Central,Road,Bike,311.1,13.44,5,8.0,2609.89,3.9,Fog,On Time,2026,8,3.0,1,0.006520356941190072,0.0160374290074808,0.00241538822498772,0.6944444444444444
SHP10582,2026-08-06,East,Rail,Van,117.8,3.07,1,1.7,1351.93,4.2,Clear,Delayed,2026,8,0.7,1,0.0022231015824037063,0.0030648752783407136,0.000841602041173007,0.1111111111111111
SHP10583,2026-08-07,South,Road,Truck,231.4,5.93,1,0.5,2158.7,4.5,Storm,On Time,2026,8,-0.5,0,0.004748544980014317,0.0066426480522404855,0.001850921478608375,0.0
SHP10584,2026-08-08,West,Ship,Van,462.0,2.24,1,1.0,2765.73,4.4,Clear,On Time,2026,8,0.0,0,0.009875017229037265,0.002026570592208962,0.002610353755597346,0.046296296296296294
SHP10585,2026-08-09,South,Road,Van,459.7,15.5,2,2.6,4009.76,3.8,Clear,Delayed,2026,8,0.6000000000000001,1,0.009823885892641979,0.018614426180289724,0.004166712643201894,0.19444444444444445
SHP10586,2026-08-10,North,Air,Truck,412.0,6.65,1,1.8,1668.17,4.2,Fog,Cancelled,2026,8,0.8,1,0.008763466437835411,0.007543346093222248,0.0012372379459470576,0.12037037037037036
SHP10587,2026-08-11,North,Road,Van,814.5,3.69,7,6.8,2813.35,4.3,Clear,On Time,2026,8,-0.20000000000000018,0,0.01771145030701033,0.003840476369186119,0.0026699293367551387,0.5833333333333333
SHP10588,2026-08-12,North,Road,Truck,474.3,13.55,3,3.5,3051.99,3.3,Clear,In Transit,2026,8,0.5,1,0.010148458723672921,0.01617503565263079,0.002968482816122958,0.27777777777777773
SHP10589,2026-08-13,North,Air,Container,797.7,7.1,2,2.4,3854.95,4.1,Clear,Delayed,2026,8,0.3999999999999999,1,0.01733796924116651,0.008106282368835847,0.00397303570664083,0.1759259259259259
SHP10590,2026-08-14,North,Air,Container,1271.9,12.36,2,2.7,7280.48,2.6,Clear,Cancelled,2026,8,0.7000000000000002,1,0.027879916944924886,0.014686381946008157,0.008258586746612541,0.20370370370370372
SHP10591,2026-08-15,West,Ship,Container,615.5,9.6,6,7.1,3740.19,4.3,Rain,Cancelled,2026,8,1.0999999999999996,1,0.013287478158026955,0.01123370612224474,0.0038294638105117198,0.611111111111111
SHP10592,2026-08-16,North,Road,Van,118.3,3.32,3,3.9,1551.16,4.4,Rain,In Transit,2026,8,0.8999999999999999,1,0.002234217090315725,0.003377617653681603,0.0010908511599060393,0.31481481481481477
SHP10593,2026-08-17,South,Road,Van,423.2,4.75,3,4.4,1839.97,4.5,Clear,On Time,2026,8,1.4000000000000004,1,0.009012453815064625,0.005166504040631489,0.0014521704289984804,0.3611111111111111
SHP10594,2026-08-18,Central,Air,Truck,381.9,3.77,6,7.1,1860.72,3.7,Clear,On Time,2026,8,1.0999999999999996,1,0.008094312861531894,0.003940553929295204,0.0014781299692971826,0.611111111111111
SHP10595,2026-08-19,East,Rail,Container,907.7,2.86,3,3.8,2971.86,3.8,Storm,On Time,2026,8,0.7999999999999998,1,0.019783380981810587,0.002802171683054367,0.0028682352033935613,0.3055555555555555
SHP10596,2026-08-20,West,Road,Truck,319.3,1.8,3,4.2,2503.27,4.9,Fog,In Transit,2026,8,1.2000000000000002,1,0.006702651270947175,0.0014761440116089972,0.002281999975028799,0.34259259259259256
SHP10597,2026-08-21,North,Road,Van,184.4,24.02,2,2.6,2642.36,4.9,Clear,In Transit,2026,8,0.6000000000000001,1,0.003703687236284575,0.029272686331907227,0.0024560102140720025,0.19444444444444445
SHP10598,2026-08-22,North,Road,Truck,241.7,8.67,3,3.5,1420.41,4.0,Storm,In Transit,2026,8,0.5,1,0.004977524443001899,0.010070304485976633,0.0009272747794696393,0.27777777777777773
SHP10599,2026-08-23,North,Ship,Truck,122.2,9.56,3,2.6,1557.05,4.1,Rain,On Time,2026,8,-0.3999999999999999,0,0.0023209180520294696,0.0111836673421902,0.0010982199161643214,0.19444444444444445
SHP10600,2026-08-24,North,Road,Van,17.8,14.55,4,3.5,2512.24,4.7,Clear,Delayed,2026,8,-0.5,0,0.0,0.017426005153994346,0.002293222002810936,0.27777777777777773
SHP10601,2026-08-25,South,Road,Truck,1146.0,4.72,3,4.7,4156.98,3.0,Clear,On Time,2026,8,1.7000000000000002,1,0.025081032052678618,0.005128974955590582,0.004350894017793456,0.3888888888888889
SHP10602,2026-08-26,North,Road,Container,350.6,2.37,4,6.9,2511.25,3.8,Clear,On Time,2026,8,2.9000000000000004,1,0.007398482066239535,0.002189196627386224,0.0022919834512496974,0.5925925925925926
SHP10603,2026-08-27,North,Road,Truck,132.4,11.65,1,1.5,2195.11,4.9,Rain,On Time,2026,8,0.5,1,0.002547674413434648,0.013798193600040032,0.0018964726526939535,0.09259259259259259
SHP10604,2026-08-28,West,Road,Truck,959.3,2.69,2,2.8,5169.33,4.6,Clear,On Time,2026,8,0.7999999999999998,1,0.020930501398330897,0.002589506867822562,0.005617406818824351,0.21296296296296294
SHP10605,2026-08-29,East,Rail,Van,1061.9,11.47,3,3.7,4117.61,4.2,Clear,In Transit,2026,8,0.7000000000000002,1,0.023211403621877104,0.013573019089794592,0.004301639699645991,0.2962962962962963
SHP10606,2026-08-30,North,Road,Truck,391.0,2.09,6,6.1,1913.48,3.0,Clear,On Time,2026,8,0.09999999999999964,1,0.008296615105530633,0.0018389251670044282,0.0015441360100759546,0.5185185185185185
SHP10607,2026-08-31,South,Ship,Truck,112.8,2.54,3,5.3,1069.47,4.0,Storm,On Time,2026,8,2.3,1,0.002111946503283521,0.002401861442618029,0.00048822701694306006,0.4444444444444444
SHP10608,2026-09-01,East,Road,Container,246.2,4.37,4,4.0,2084.9,3.6,Clear,Cancelled,2026,9,0.0,0,0.005077564014210065,0.004691135630113338,0.001758593089497811,0.32407407407407407
SHP10609,2026-09-02,West,Rail,Truck,295.0,11.18,2,3.3,1356.89,4.2,Storm,On Time,2026,9,1.2999999999999998,1,0.006162437586423074,0.01321023793439916,0.0008478073096010341,0.25925925925925924
SHP10610,2026-09-03,North,Ship,Container,359.0,19.51,2,2.1,2567.79,3.5,Storm,On Time,2026,9,0.10000000000000009,1,0.007585222599161446,0.02363081388075759,0.0023627185070804737,0.14814814814814814
SHP10611,2026-09-04,West,Rail,Truck,146.8,9.55,1,1.5,1739.45,3.3,Clear,On Time,2026,9,0.5,1,0.0028678010413007815,0.011171157647176563,0.001326413658356286,0.09259259259259259
SHP10612,2026-09-05,West,Rail,Truck,648.4,4.5,3,4.7,2156.21,3.8,Clear,On Time,2026,9,1.7000000000000002,1,0.014018878578637773,0.0048537616652906,0.0018478063337725311,0.3888888888888889
SHP10613,2026-09-06,North,Road,Container,48.6,13.06,2,1.5,1291.4,4.8,Clear,On Time,2026,9,-0.5,0,0.0006847152873803417,0.015562060596962649,0.000765875247231781,0.09259259259259259
SHP10614,2026-09-07,Central,Road,Truck,717.0,2.04,2,2.4,3540.65,3.7,Storm,On Time,2026,9,0.3999999999999999,1,0.015543926264166718,0.0017763766919362506,0.003579826862501936,0.1759259259259259
SHP10615,2026-09-08,Central,Rail,Truck,815.3,3.46,5,7.8,3290.7,4.1,Clear,Delayed,2026,9,2.8,1,0.01772923511966956,0.003552753383872501,0.0032671238698435932,0.6759259259259258
SHP10616,2026-09-09,North,Ship,Truck,264.7,7.59,1,2.4,2129.74,3.8,Clear,On Time,2026,9,1.4,1,0.005488837806954751,0.00871925742450399,0.0018146907177866685,0.1759259259259259
SHP10617,2026-09-10,South,Rail,Truck,330.5,11.9,4,5.3,2577.98,3.3,Clear,On Time,2026,9,1.2999999999999998,1,0.00695163864817639,0.014110935975380922,0.002375466830725957,0.4444444444444444
SHP10618,2026-09-11,West,Rail,Container,880.3,6.15,3,5.0,3427.22,3.2,Clear,In Transit,2026,9,2.0,1,0.019174251148231968,0.006917861342540469,0.0034379188790763077,0.41666666666666663
SHP10619,2026-09-12,West,Air,Truck,537.5,5.68,3,4.2,3782.14,3.3,Storm,On Time,2026,9,1.2000000000000002,1,0.011553458923752064,0.0063299056768995965,0.0038819458690915053,0.34259259259259256
SHP10620,2026-09-13,North,Road,Container,271.8,5.92,4,6.4,2102.26,3.5,Rain,Cancelled,2026,9,2.4000000000000004,1,0.0056466780193054145,0.00663013835722685,0.001780311528995906,0.5462962962962963
SHP10621,2026-09-14,North,Road,Bike,296.2,14.46,3,3.5,1701.21,4.2,Fog,On Time,2026,9,0.5,1,0.0061891148054119185,0.017313417898871628,0.00127857304047569,0.27777777777777773
SHP10622,2026-09-15,South,Rail,Truck,488.1,3.97,3,4.3,4183.53,3.5,Clear,On Time,2026,9,1.2999999999999998,1,0.010455246742044632,0.004190747829567915,0.004384109718753964,0.3518518518518518
SHP10623,2026-09-16,East,Ship,Bike,1082.0,3.28,5,5.1,3980.97,5.0,Clear,In Transit,2026,9,0.09999999999999964,1,0.023658247039940246,0.0033275788736270608,0.0041306945629513096,0.4259259259259259
SHP10624,2026-09-17,East,Road,Truck,302.9,5.86,6,5.6,1747.96,4.7,Storm,On Time,2026,9,-0.40000000000000036,0,0.006338062611432966,0.006555080187145038,0.0013370601975342114,0.47222222222222215
SHP10625,2026-09-18,South,Air,Bike,265.7,15.78,2,1.2,1745.12,4.5,Clear,On Time,2026,9,-0.8,0,0.005511068822778788,0.018964697640671522,0.0013335071809342926,0.06481481481481481
SHP10626,2026-09-19,East,Road,Truck,357.2,4.32,1,2.8,2443.85,3.9,Storm,Delayed,2026,9,1.7999999999999998,1,0.00754520677067818,0.00462858715504516,0.0022076618601107804,0.21296296296296294
SHP10627,2026-09-20,West,Rail,Van,358.7,5.91,6,4.0,2132.32,5.0,Clear,On Time,2026,9,-2.0,0,0.007578553294414235,0.006617628662213215,0.0018179184582189894,0.32407407407407407
SHP10628,2026-09-21,North,Road,Van,431.9,2.01,3,3.2,3901.21,3.9,Clear,In Transit,2026,9,0.20000000000000018,1,0.009205863652733747,0.0017388476068953434,0.004030909843229648,0.25
SHP10629,2026-09-22,South,Road,Truck,331.2,6.09,4,1.5,1943.79,4.0,Rain,Cancelled,2026,9,-2.5,0,0.0069672003592532155,0.006842803172458656,0.0015820557048448057,0.09259259259259259
SHP10630,2026-09-23,West,Air,Van,744.5,8.39,3,3.2,2696.22,4.1,Storm,On Time,2026,9,0.20000000000000018,1,0.016155279199327736,0.009720033025594836,0.0025233924232521514,0.25
SHP10631,2026-09-24,Central,Road,Container,173.2,2.7,2,1.8,2459.18,4.5,Storm,Delayed,2026,9,-0.19999999999999996,0,0.0034546998590553593,0.002602016562836198,0.002226840643377243,0.12037037037037036
SHP10632,2026-09-25,East,Rail,Truck,464.7,14.48,4,6.0,3545.21,4.4,Clear,On Time,2026,9,2.0,1,0.009935040971762165,0.0173384372888989,0.0035855317060567342,0.5092592592592592
SHP10633,2026-09-26,East,Air,Truck,477.0,8.31,3,4.1,2670.02,3.7,Clear,Cancelled,2026,9,1.0999999999999996,1,0.01020848246639782,0.009619955465485752,0.002490614594055718,0.33333333333333326
SHP10634,2026-09-27,North,Ship,Container,185.9,4.83,2,1.4,2336.14,3.7,Rain,In Transit,2026,9,-0.6000000000000001,0,0.0037370337600206305,0.005266581600740574,0.0020729099523723125,0.08333333333333331
SHP10635,2026-09-28,East,Road,Van,461.5,8.36,3,4.7,2495.0,4.4,Rain,Cancelled,2026,9,1.7000000000000002,1,0.009863901721125246,0.009682503940553928,0.00227165369077481,0.3888888888888889
SHP10636,2026-09-29,East,Road,Bike,485.4,450.0,5,5.7,2794.11,4.5,Rain,On Time,2026,9,0.7000000000000002,1,0.01039522299931973,0.5621606745227551,0.0026458589003528726,0.48148148148148145
SHP10637,2026-09-30,South,Road,Container,30.2,1.6,4,4.1,2422.63,3.7,Clear,In Transit,2026,9,0.09999999999999964,1,0.0002756645962180596,0.0012259501113362859,0.0021811143205860356,0.33333333333333326
SHP10638,2026-10-01,South,Ship,Bike,160.1,8.58,1,0.5,2361.97,3.0,Storm,On Time,2026,10,-0.5,0,0.003163473551760474,0.009957717230853912,0.00210522488856101,0.0
SHP10639,2026-10-02,South,Ship,Container,927.0,15.42,4,4.3,3683.33,3.9,Rain,On Time,2026,10,0.2999999999999998,1,0.0202124395872145,0.01851434862018064,0.00375832841478236,0.3518518518518518
SHP10640,2026-10-03,North,Rail,Truck,222.3,3.92,4,3.5,3176.13,4.4,Fog,Cancelled,2026,10,-0.5,0,0.00454624273601558,0.004128199354499737,0.003123789675529266,0.27777777777777773
SHP10641,2026-10-04,South,Ship,Truck,132.1,4.91,5,5.2,792.55,5.0,Clear,On Time,2026,10,0.20000000000000018,1,0.0025410051086874365,0.005366659160849658,0.00014178287720732085,0.4351851851851852
SHP10642,2026-10-05,North,Rail,Container,66.9,5.53,4,4.2,4087.47,3.2,Clear,Cancelled,2026,10,0.20000000000000018,1,0.0010915428769602202,0.006142260251695064,0.004263932685448262,0.34259259259259256
SHP10643,2026-10-06,South,Rail,Van,148.1,11.99,2,3.8,1219.71,3.7,Storm,On Time,2026,10,1.7999999999999998,1,0.002896701361872029,0.014223523230503642,0.000676186599327494,0.3055555555555555
SHP10644,2026-10-07,North,Road,Truck,321.2,3.07,4,4.8,1672.51,3.7,Rain,In Transit,2026,10,0.7999999999999998,1,0.006744890201012845,0.0030648752783407136,0.0012426675558215813,0.3981481481481481
SHP10645,2026-10-08,Central,Air,Truck,124.1,9.63,4,1.5,1795.07,4.9,Fog,On Time,2026,10,-2.5,0,0.00236315698209514,0.011271235207285648,0.0013959977369786382,0.09259259259259259
SHP10646,2026-10-09,East,Road,Bike,542.2,5.61,1,2.0,2507.35,4.0,Storm,On Time,2026,10,1.0,1,0.011657944698125039,0.006242337811804149,0.002287104308735724,0.13888888888888887
SHP10647,2026-10-10,West,Ship,Van,183.2,20.09,3,1.8,3214.26,3.4,Rain,On Time,2026,10,-1.2,0,0.00367701001729573,0.02435637619154845,0.0031714926765697244,0.12037037037037036
SHP10648,2026-10-11,West,Ship,Truck,434.1,5.85,3,2.7,1837.12,4.4,Clear,Delayed,2026,10,-0.2999999999999998,0,0.00925477188754663,0.006542570492131401,0.0014486049017767308,0.20370370370370372
SHP10649,2026-10-12,East,Air,Van,844.1,1.04,4,4.4,3292.29,3.7,Clear,On Time,2026,10,0.40000000000000036,1,0.018369488375401827,0.0005254071905726939,0.0032691130587146748,0.3611111111111111
SHP10650,2026-10-13,North,Road,Truck,810.9,10.86,2,2.5,3045.9,3.2,Clear,Delayed,2026,10,0.5,1,0.017631418650043796,0.012809927693962822,0.002960863847428063,0.18518518518518517
SHP10651,2026-10-14,East,Road,Truck,429.0,9.3,4,3.2,2694.87,3.4,Clear,On Time,2026,10,-0.7999999999999998,0,0.009141393706844041,0.010858415271835675,0.002521703489305007,0.25
SHP10652,2026-10-15,East,Road,Truck,140.1,8.07,6,6.4,1760.22,5.0,Clear,On Time,2026,10,0.40000000000000036,1,0.002718853235279733,0.009319722785158498,0.0013523982198986493,0.5462962962962963
SHP10653,2026-10-16,West,Road,Truck,337.3,15.15,5,4.1,2547.84,4.2,Clear,On Time,2026,10,-0.9000000000000004,0,0.007102809555779842,0.018176586854812483,0.002337759816528228,0.33333333333333326
SHP10654,2026-10-17,South,Road,Container,438.7,1.79,6,7.0,1923.43,4.1,Clear,On Time,2026,10,1.0,1,0.0093570345603372,0.0014636343165953614,0.001556584078797501,0.6018518518518519
SHP10655,2026-10-18,North,Ship,Truck,1419.4,3.5,7,11.3,4160.67,3.8,Clear,In Transit,2026,10,4.300000000000001,1,0.031158991778970354,0.0036027921639270434,0.004355510437248985,1.0
SHP10656,2026-10-19,South,Rail,Container,66.2,6.93,1,0.5,1807.6,4.2,Clear,In Transit,2026,10,-0.5,0,0.001075981165883394,0.007893617553604043,0.001411673546132505,0.0
SHP10657,2026-10-20,South,Road,Bike,338.1,7.77,4,4.2,3052.38,4.2,Clear,On Time,2026,10,0.20000000000000018,1,0.007120594368439072,0.00894443193474943,0.0029689707303743556,0.34259259259259256
SHP10658,2026-10-21,West,Road,Truck,529.4,6.23,3,1.2,2254.87,3.8,Clear,Delayed,2026,10,-1.8,0,0.011373387695577362,0.007017938902649554,0.001971236128754215,0.06481481481481481
SHP10659,2026-10-22,East,Road,Van,377.2,2.04,5,5.2,1652.82,4.1,Rain,In Transit,2026,10,0.20000000000000018,1,0.00798982708715892,0.0017763766919362506,0.0012180341414369333,0.4351851851851852
SHP10660,2026-10-23,South,Rail,Van,406.6,4.95,2,3.2,2766.1,4.6,Clear,On Time,2026,10,1.2000000000000002,1,0.008643418952385611,0.005416697940904201,0.002610816648605082,0.25
SHP10661,2026-10-24,Central,Rail,Bike,192.1,19.2,7,8.0,2285.11,4.0,Clear,On Time,2026,10,1.0,1,0.00387486605812966,0.02324301333533488,0.002009068249170252,0.6944444444444444
SHP10662,2026-10-25,East,Ship,Truck,641.1,2.96,4,5.0,3427.68,3.4,Rain,On Time,2026,10,1.0,1,0.013856592163122305,0.0029272686331907227,0.00343849436768052,0.41666666666666663
SHP10663,2026-10-26,North,Road,Van,358.9,6.82,5,6.4,1764.71,3.6,Fog,On Time,2026,10,1.4000000000000004,1,0.007582999497579042,0.007756010908454052,0.0013580154891006337,0.5462962962962963
SHP10664,2026-10-27,North,Ship,Van,405.5,9.65,1,4.1,1685.31,2.7,Clear,On Time,2026,10,3.0999999999999996,1,0.00861896483497917,0.011296254597312918,0.0012586811517648771,0.33333333333333326
SHP10665,2026-10-28,North,Ship,Truck,685.5,11.76,2,4.7,2823.72,5.0,Rain,On Time,2026,10,2.7,1,0.014843649265709549,0.013935800245190023,0.0026829028515935743,0.3888888888888889
SHP10666,2026-10-29,South,Road,Truck,278.0,7.06,5,4.9,1785.78,4.6,Storm,Delayed,2026,10,-0.09999999999999964,0,0.005784510317414444,0.008056243588781304,0.001384375369297918,0.40740740740740744
SHP10667,2026-10-30,North,Ship,Van,782.9,4.68,1,0.7,3046.75,3.5,Fog,On Time,2026,10,-0.30000000000000004,0,0.01700895020697076,0.00507893617553604,0.002961927250283672,0.018518518518518514
SHP10668,2026-10-31,North,Road,Container,120.4,3.49,5,4.8,1240.86,3.8,Clear,On Time,2026,10,-0.20000000000000018,0,0.0022809022235462033,0.003590282468913408,0.0007026465644994239,0.3981481481481481
SHP10669,2026-11-01,South,Ship,Truck,421.6,20.2,1,0.7,3456.28,3.6,Rain,On Time,2026,11,-0.30000000000000004,0,0.008976884189746168,0.02449398283669844,0.003474274746116322,0.018518518518518514
SHP10670,2026-11-02,North,Road,Van,182.7,12.53,4,4.7,1874.83,5.0,Clear,On Time,2026,11,0.7000000000000002,1,0.0036658945093837117,0.01489904676123996,0.0014957824567002997,0.3888888888888889
SHP10671,2026-11-03,Central,Ship,Truck,146.1,7.29,3,2.0,1893.11,3.1,Rain,On Time,2026,11,-1.0,0,0.002852239330223955,0.008343966574094924,0.001518651873406819,0.13888888888888887
SHP10672,2026-11-04,North,Ship,Container,1074.1,16.86,4,5.5,4274.85,4.1,Storm,Cancelled,2026,11,1.5,1,0.02348262201493035,0.02031574470214416,0.004498356717311916,0.4629629629629629
SHP10673,2026-11-05,East,Ship,Truck,126.1,2.39,4,5.0,1710.21,3.9,Clear,On Time,2026,11,1.0,1,0.002407619013743214,0.0022142160174134953,0.0012898326001233196,0.41666666666666663
SHP10674,2026-11-06,South,Air,Bike,363.8,1.06,3,3.4,2033.45,4.5,Storm,Delayed,2026,11,0.3999999999999999,1,0.007691931475116824,0.000550426580599965,0.0016942259401788603,0.2685185185185185
SHP10675,2026-11-07,Central,Road,Truck,117.7,7.71,2,1.2,2133.71,3.9,Clear,On Time,2026,11,-0.8,0,0.002220878480821303,0.008869373764667617,0.0018196574346534566,0.06481481481481481
SHP10676,2026-11-08,North,Road,Truck,752.3,7.97,1,3.2,2716.43,2.9,Storm,Delayed,2026,11,2.2,1,0.016328681122755224,0.009194625835022141,0.002548676389971996,0.25
SHP10677,2026-11-09,South,Road,Truck,257.7,2.21,4,2.5,3261.02,3.8,Rain,Delayed,2026,11,-1.5,0,0.005333220696186492,0.001989041507168055,0.003229992344250077,0.18518518518518517
SHP10678,2026-11-10,Central,Road,Truck,683.2,12.23,3,3.6,2995.21,3.4,Clear,On Time,2026,11,0.6000000000000001,1,0.014792517929314264,0.014523755910830896,0.0028974475053682447,0.28703703703703703
SHP10679,2026-11-11,Central,Air,Van,517.5,1.39,5,5.7,1776.28,4.1,Rain,In Transit,2026,11,0.7000000000000002,1,0.011108838607271321,0.0009632465160499386,0.0013724902785587532,0.48148148148148145
SHP10680,2026-11-12,West,Road,Truck,1290.6,8.91,3,4.9,4495.22,4.9,Clear,On Time,2026,11,1.9000000000000004,1,0.028295636940834375,0.010370537166303886,0.0047740532905950475,0.40740740740740744
SHP10681,2026-11-13,West,Ship,Container,97.7,10.32,3,3.3,1335.03,2.9,Clear,In Transit,2026,11,0.2999999999999998,1,0.0017762581643405615,0.012134404163226501,0.0008204590902791242,0.25925925925925924
SHP10682,2026-11-14,North,Rail,Truck,159.0,7.65,3,3.8,2365.04,3.5,Fog,On Time,2026,11,0.7999999999999998,1,0.0031390194343540335,0.008794315594585805,0.0021090656494630352,0.3055555555555555
SHP10683,2026-11-15,West,Ship,Truck,659.5,1.97,1,1.9,5605.69,3.8,Clear,Cancelled,2026,11,0.8999999999999999,1,0.014265642854284586,0.0016888088268408017,0.006163320313028769,0.12962962962962962
SHP10684,2026-11-16,Central,Road,Truck,435.6,15.05,3,3.3,2271.41,3.8,Fog,In Transit,2026,11,0.2999999999999998,1,0.009288118411282686,0.018051489904676126,0.001991928697262193,0.25925925925925924
SHP10685,2026-11-17,East,Ship,Truck,293.1,4.8,7,7.0,2267.88,4.5,Clear,Cancelled,2026,11,0.0,0,0.0061201986563574045,0.005229052515699667,0.001987512447755956,0.6018518518518519
SHP10686,2026-11-18,East,Ship,Truck,1144.2,4.81,6,7.0,3147.09,3.9,Clear,On Time,2026,11,1.0,1,0.025041016224195353,0.005241562210713302,0.003087458829732914,0.6018518518518519
SHP10687,2026-11-19,South,Ship,Truck,346.2,4.13,3,4.3,2461.84,4.3,Storm,On Time,2026,11,1.2999999999999998,1,0.007300665596613772,0.004390902949786084,0.0022301684687842096,0.3518518518518518
SHP10688,2026-11-20,West,Rail,Van,188.4,11.08,4,3.6,1546.89,3.6,Clear,In Transit,2026,11,-0.3999999999999999,0,0.003792611299580723,0.013085140984262805,0.0010855091243843304,0.28703703703703703
SHP10689,2026-11-21,North,Air,Truck,688.5,4.63,5,6.8,2536.24,4.1,Rain,In Transit,2026,11,1.7999999999999998,1,0.014910342313181661,0.005016387700467862,0.0023232474952046157,0.5833333333333333
SHP10690,2026-11-22,South,Road,Van,354.4,2.74,3,3.5,1536.94,4.5,Rain,Cancelled,2026,11,0.5,1,0.007482959926370875,0.0026520553428907405,0.001073061055662784,0.27777777777777773
SHP10691,2026-11-23,South,Rail,Van,374.1,13.18,1,1.0,3097.22,3.5,Rain,On Time,2026,11,0.0,0,0.007920910938104406,0.015712176937126274,0.003025068358663214,0.046296296296296294
SHP10692,2026-11-24,East,Road,Truck,546.8,6.71,1,2.4,3546.91,4.5,Storm,In Transit,2026,11,1.4,1,0.011760207370915607,0.0076184042633040605,0.003587658511767953,0.1759259259259259
SHP10693,2026-11-25,South,Road,Van,561.0,13.49,3,3.1,2934.01,4.0,Rain,On Time,2026,11,0.10000000000000009,1,0.012075887795616934,0.016099977482548978,0.002820882499764362,0.24074074074074073
SHP10694,2026-11-26,North,Road,Bike,157.2,7.06,7,7.9,1346.32,4.7,Clear,On Time,2026,11,0.9000000000000004,1,0.0030990036058707662,0.008056243588781304,0.0008345835823259842,0.6851851851851851
SHP10695,2026-11-27,East,Road,Van,280.9,3.92,4,4.6,3660.32,3.9,Fog,On Time,2026,11,0.5999999999999996,1,0.005848980263304151,0.004128199354499737,0.003729541473949921,0.3796296296296296
SHP10696,2026-11-28,South,Road,Van,30000.0,1.56,1,0.6,1096.09,4.2,Clear,On Time,2026,11,-0.4,0,0.6665347626394441,0.0011759113312817433,0.0005215302922563828,0.009259259259259257
SHP10697,2026-11-29,East,Road,Truck,440.1,7.73,2,3.2,1607.8,4.0,Clear,Cancelled,2026,11,1.2000000000000002,1,0.009388157982490852,0.00889439315469489,0.0011617113219551229,0.25
SHP10698,2026-11-30,North,Ship,Container,1062.2,5.54,5,7.1,4090.23,3.9,Storm,On Time,2026,11,2.0999999999999996,1,0.02321807292662431,0.006154769946708699,0.004267385617073536,0.611111111111111
SHP10699,2026-12-01,East,Rail,Container,162.6,11.39,5,6.4,1416.46,4.2,Rain,Delayed,2026,12,1.4000000000000004,1,0.0032190510913205667,0.013472941529685508,0.0009223330838465127,0.5462962962962963
SHP10700,2026-12-02,East,Ship,Van,91.5,4.48,4,5.1,2445.63,4.3,Fog,Delayed,2026,12,1.0999999999999996,1,0.0016384258662315318,0.004828742275263329,0.002209888750796645,0.4259259259259259
SHP10701,2026-12-03,North,Road,Bike,213.2,9.09,4,4.8,1769.96,3.2,Rain,On Time,2026,12,0.7999999999999998,1,0.004343940492016842,0.010595711676549326,0.001364583565561751,0.3981481481481481
SHP10702,2026-12-04,South,Road,Truck,291.2,6.86,1,0.5,2569.99,4.9,Fog,On Time,2026,12,-0.5,0,0.006077959726291733,0.0078060496885085946,0.0023654708438832278,0.0
SHP10703,2026-12-05,North,Rail,Truck,564.3,3.67,5,8.3,3989.64,2.8,Storm,Delayed,2026,12,3.3000000000000007,1,0.012149250147836256,0.003815456979158848,0.004141541272078527,0.7222222222222222
SHP10704,2026-12-06,North,Road,Container,269.3,4.74,5,4.0,1381.72,3.6,Clear,On Time,2026,12,-1.0,0,0.0055911004797453215,0.005153994345617854,0.0008788711836066616,0.32407407407407407
SHP10705,2026-12-07,Central,Road,Container,445.5,2.34,2,3.6,1949.79,3.9,Clear,In Transit,2026,12,1.6,1,0.009508205467940652,0.0021516675423453174,0.0015895620779432255,0.28703703703703703
SHP10706,2026-12-08,South,Rail,Truck,238.0,21.1,4,4.8,2424.66,4.3,Clear,Cancelled,2026,12,0.7999999999999998,1,0.004895269684452961,0.025619855387925643,0.0021836539768176674,0.3981481481481481
SHP10707,2026-12-09,West,Road,Truck,303.1,8.96,2,1.3,3803.7,5.0,Rain,On Time,2026,12,-0.7,0,0.006342508814597775,0.010433085641372065,0.003908918769758494,0.07407407407407407
SHP10708,2026-12-10,South,Rail,Truck,183.4,2.22,1,1.1,1324.96,2.8,Clear,On Time,2026,12,0.10000000000000009,1,0.003681456220460538,0.002001551202181691,0.0008078608940956095,0.05555555555555556
SHP10709,2026-12-11,West,Rail,Truck,139.7,20.41,2,2.1,1895.64,3.7,Clear,On Time,2026,12,0.10000000000000009,1,0.002709960828950118,0.024756686431984788,0.0015218170607299863,0.14814814814814814
SHP10710,2026-12-12,West,Road,Container,577.6,2.93,2,4.1,2949.79,2.6,Clear,In Transit,2026,12,2.0999999999999996,1,0.012444922658295951,0.002889739548149816,0.002840624261013206,0.33333333333333326
SHP10711,2026-12-13,East,Road,Van,250.7,4.42,3,2.6,1588.53,4.0,Storm,On Time,2026,12,-0.3999999999999999,0,0.005177603585418232,0.004753684105181516,0.0011376033536873644,0.19444444444444445
SHP10712,2026-12-14,East,Air,Truck,467.7,5.83,3,3.4,2551.01,4.2,Rain,On Time,2026,12,0.3999999999999999,1,0.010001734019234276,0.006517551102104131,0.00234172568364856,0.2685185185185185
SHP10713,2026-12-15,South,Road,Truck,181.1,6.98,3,0.9,1159.0,5.0,Clear,On Time,2026,12,-2.1,0,0.0036303248840652523,0.007956166028672221,0.0006002346141933154,0.037037037037037035
SHP10714,2026-12-16,South,Road,Truck,347.8,11.19,3,5.2,5253.28,4.1,Clear,Cancelled,2026,12,2.2,1,0.007336235221932231,0.013222747629412796,0.005722433489093077,0.4351851851851852
SHP10715,2026-12-17,Central,Ship,Truck,49.8,1.29,2,1.0,732.24,4.7,Clear,On Time,2026,12,-1.0,0,0.000711392506369186,0.0008381495659135831,6.633131694637037e-05,0.046296296296296294
SHP10716,2026-12-18,West,Road,Van,265.0,7.06,1,1.7,1845.5,4.4,Clear,On Time,2026,12,0.7,1,0.005495507111701962,0.008056243588781304,0.0014590888028708573,0.1111111111111111
SHP10717,2026-12-19,Central,Air,Bike,196.9,5.62,4,4.2,1820.39,3.7,Clear,Cancelled,2026,12,0.20000000000000018,1,0.003981574934085038,0.006254847506817784,0.0014276746314539701,0.34259259259259256
SHP10718,2026-12-20,North,Ship,Container,733.0,7.83,3,3.9,5356.89,3.1,Storm,Delayed,2026,12,0.8999999999999999,1,0.01589962251735131,0.009019490104831244,0.0058520560418809575,0.31481481481481477
SHP10719,2026-12-21,West,Ship,Truck,121.9,5.42,3,4.0,1042.72,4.2,Storm,Delayed,2026,12,1.0,1,0.0023142487472822587,0.006004653606545072,0.0004547611035459381,0.32407407407407407
SHP10720,2026-12-22,Central,Road,Bike,312.2,4.9,5,7.1,4466.8,3.0,Clear,Delayed,2026,12,2.0999999999999996,1,0.0065448110585965115,0.005354149465836023,0.004738498103352198,0.611111111111111
SHP10721,2026-12-23,North,Road,Container,436.4,6.33,5,5.9,3019.66,4.8,Clear,Cancelled,2026,12,0.9000000000000004,1,0.009305903223941914,0.007143035852785909,0.0029280359757443055,0.5
SHP10722,2026-12-24,North,Road,Container,668.1,19.69,5,6.6,3683.44,3.9,Clear,Delayed,2026,12,1.5999999999999996,1,0.014456829590371305,0.023855988391003027,0.0037584660316224987,0.5648148148148148
SHP10723,2026-12-25,West,Road,Van,609.4,4.97,3,4.2,2219.81,4.8,Clear,In Transit,2026,12,1.2000000000000002,1,0.013151868961500328,0.005441717330931472,0.0019273738886157819,0.34259259259259256
SHP10724,2026-12-26,East,Air,Truck,330.3,14.6,2,3.5,2896.92,3.7,Clear,Delayed,2026,12,1.5,1,0.006947192445011583,0.017488553629062525,0.0027744806033942965,0.27777777777777773
SHP10725,2026-12-27,Central,Road,Truck,364.2,7.6,4,4.1,1881.34,4.2,Clear,In Transit,2026,12,0.09999999999999964,1,0.007700823881446439,0.008731767119517626,0.0015039268715120854,0.33333333333333326
SHP10726,2026-12-28,North,Rail,Truck,732.5,7.36,2,4.1,4301.57,4.1,Clear,On Time,2026,12,2.0999999999999996,1,0.015888507009439293,0.008431534439190373,0.0045317850988435444,0.33333333333333326
SHP10727,2026-12-29,West,Ship,Truck,325.8,7.88,3,4.6,1703.02,4.0,Fog,On Time,2026,12,1.5999999999999996,1,0.006847152873803416,0.009082038579899422,0.0012808374630270463,0.3796296296296296
SHP10728,2026-12-30,North,Ship,Truck,391.9,9.63,1,2.6,2338.07,3.7,Rain,In Transit,2026,12,1.6,1,0.008316623019772266,0.011271235207285648,0.0020753245023856382,0.19444444444444445
SHP10729,2026-12-31,North,Rail,Van,748.0,5.26,5,5.4,2722.71,4.3,Rain,On Time,2026,12,0.40000000000000036,1,0.016233087754711866,0.005804498486326903,0.0025565330604816754,0.4537037037037037
SHP10730,2027-01-01,North,Road,Container,1402.6,13.96,2,3.8,4278.38,3.4,Clear,Delayed,2027,1,1.7999999999999998,1,0.030785510713126525,0.016687933148189848,0.004502772966818153,0.3055555555555555
SHP10731,2027-01-02,West,Rail,Van,415.4,9.65,6,6.8,3073.7,3.2,Storm,On Time,2027,1,0.7999999999999998,1,0.008839051891637136,0.011296254597312918,0.0029956433761174073,0.5833333333333333
SHP10732,2027-01-03,West,Rail,Truck,495.0,2.51,5,4.3,2803.86,4.8,Storm,In Transit,2027,1,-0.7000000000000002,0,0.010608640751230487,0.002364332357577122,0.0026580567566378047,0.3518518518518518
SHP10733,2027-01-04,East,Road,Bike,597.6,1.04,3,5.4,3707.67,4.5,Clear,On Time,2027,1,2.4000000000000004,1,0.012889542974776692,0.0005254071905726939,0.0037887792683182838,0.4537037037037037
SHP10734,2027-01-05,South,Road,Bike,743.4,19.31,5,6.0,2766.68,4.0,Clear,In Transit,2027,1,1.0,1,0.016130825081921294,0.023380619980484872,0.0026115422646712625,0.5092592592592592
SHP10735,2027-01-06,Central,Ship,Container,678.9,8.06,4,5.3,3951.79,5.0,Clear,Delayed,2027,1,1.2999999999999998,1,0.014696924561270905,0.009307213090144862,0.004094188568449327,0.4444444444444444
SHP10736,2027-01-07,South,Road,Bike,224.1,2.27,5,4.7,5380.28,3.8,Clear,On Time,2027,1,-0.2999999999999998,0,0.004586258564498846,0.0020640996772498684,0.005881318386342964,0.3888888888888889
SHP10737,2027-01-08,West,Road,Van,434.6,4.97,3,2.3,2075.46,4.9,Clear,On Time,2027,1,-0.7000000000000002,0,0.009265887395458649,0.005441717330931472,0.0017467830624896302,0.16666666666666663
SHP10738,2027-01-09,South,Road,Bike,681.9,12.53,5,5.4,5375.65,4.1,Rain,On Time,2027,1,0.40000000000000036,1,0.014763617608743016,0.01489904676123996,0.00587552596843535,0.4537037037037037
SHP10739,2027-01-10,South,Road,Truck,844.8,6.06,3,4.4,3119.31,3.3,Clear,On Time,2027,1,1.4000000000000004,1,0.018385050086478654,0.006805274087417748,0.00305270432228723,0.3611111111111111
SHP10740,2027-01-11,East,Ship,Truck,312.6,6.46,6,7.1,1483.56,5.0,Clear,On Time,2027,1,1.0999999999999996,1,0.006553703464926127,0.0073056618879631715,0.0010062793563305084,0.611111111111111
SHP10741,2027-01-12,South,Air,Truck,427.5,7.06,3,3.8,2350.99,4.6,Clear,On Time,2027,1,0.7999999999999998,1,0.009108047183107985,0.008056243588781304,0.002091488225790902,0.3055555555555555
SHP10742,2027-01-13,West,Air,Truck,461.5,8.59,3,4.0,3473.03,3.9,Storm,Cancelled,2027,1,1.0,1,0.009863901721125246,0.009970226925867546,0.003495230037682744,0.32407407407407407
SHP10743,2027-01-14,East,Road,Truck,355.8,10.13,5,5.2,1901.64,4.5,Clear,On Time,2027,1,0.20000000000000018,1,0.007514083348524528,0.011896719957967426,0.0015293234338284061,0.4351851851851852
SHP10744,2027-01-15,North,Road,Van,420.0,10.95,5,6.1,2178.4,3.7,Rain,Delayed,2027,1,1.0999999999999996,1,0.008941314564427707,0.012922514949085542,0.001875567403614854,0.5185185185185185
SHP10745,2027-01-16,Central,Road,Container,1941.1,4.01,4,8.3,250000.0,4.5,Clear,On Time,2027,1,4.300000000000001,1,0.04275691273437049,0.004240786609622457,0.3119157993115104,0.7222222222222222
SHP10746,2027-01-17,South,Road,Van,303.3,4.3,2,3.1,2031.77,2.4,Clear,Delayed,2027,1,1.1,1,0.006346955017762582,0.004603567765017889,0.0016921241557113027,0.24074074074074073
SHP10747,2027-01-18,East,Road,Truck,320.5,3.65,3,4.3,2504.46,3.3,Rain,On Time,2027,1,1.2999999999999998,1,0.006729328489936019,0.0037904375891315767,0.002283488739026652,0.3518518518518518
SHP10748,2027-01-19,Central,Air,Container,82.7,4.48,7,7.4,1720.08,4.6,Clear,Delayed,2027,1,0.40000000000000036,1,0.0014427929269800056,0.004828742275263329,0.0013021805838702202,0.6388888888888888
SHP10749,2027-01-20,West,Road,Van,70.3,6.28,5,3.6,1952.27,3.8,Clear,Delayed,2027,1,-1.4,0,0.001167128330761946,0.007080487377717731,0.0015926647121572391,0.28703703703703703
SHP10750,2027-01-21,North,Rail,Truck,483.6,6.61,5,4.6,2250.77,4.1,Clear,Delayed,2027,1,-0.40000000000000036,0,0.010355207170836465,0.007493307313167706,0.0019661067738036284,0.3796296296296296
SHP10751,2027-01-22,Central,Road,Van,683.7,16.53,1,2.4,3459.4,3.1,Rain,On Time,2027,1,1.4,1,0.014803633437226283,0.01990292476669419,0.0034781780601275,0.1759259259259259
SHP10752,2027-01-23,West,Road,Truck,604.3,8.31,3,3.9,2348.05,5.0,Rain,Delayed,2027,1,0.8999999999999999,1,0.013038490780797739,0.009619955465485752,0.0020878101029726767,0.31481481481481477
SHP10753,2027-01-24,South,Road,Truck,180.7,6.37,4,4.7,3082.27,4.8,Clear,On Time,2027,1,0.7000000000000002,1,0.0036214324777356375,0.007193074632840452,0.003006364979026318,0.3888888888888889
SHP10754,2027-01-25,North,Ship,Bike,581.2,3.07,5,7.5,2241.13,3.9,Rain,On Time,2027,1,2.5,1,0.012524954315262484,0.0030648752783407136,0.001954046534358834,0.6481481481481481
SHP10755,2027-01-26,West,Ship,Truck,316.9,5.5,1,2.2,3144.59,3.7,Clear,On Time,2027,1,1.2000000000000002,1,0.006649296832969486,0.006104731166654157,0.003084331174275239,0.1574074074074074
SHP10756,2027-01-27,West,Ship,Van,30000.0,20.25,5,6.6,2352.97,4.7,Rain,On Time,2027,1,1.5999999999999996,1,0.6665347626394441,0.02455653131176662,0.00209396532891338,0.5648148148148148
SHP10757,2027-01-28,East,Road,Bike,111.6,20.04,4,4.3,2301.3,5.0,Clear,On Time,2027,1,0.2999999999999998,1,0.0020852692842946766,0.02429382771648027,0.002029322945914155,0.3518518518518518
SHP10758,2027-01-29,Central,Road,Container,199.1,5.45,2,1.5,1551.9,4.6,Rain,Delayed,2027,1,-0.5,0,0.00403048316889792,0.0060421826915859796,0.001091776945921511,0.09259259259259259
SHP10759,2027-01-30,West,Rail,Truck,491.2,1.72,3,3.6,1833.96,5.0,Storm,On Time,2027,1,0.6000000000000001,1,0.010524162891099146,0.0013760664514999126,0.0014446515452782298,0.28703703703703703
SHP10760,2027-01-31,North,Road,Truck,431.5,4.94,3,2.8,1586.43,3.4,Storm,On Time,2027,1,-0.20000000000000018,0,0.009196971246404133,0.005404188245890566,0.0011349761231029174,0.21296296296296294
SHP10761,2027-02-01,South,Ship,Truck,389.0,16.65,4,6.1,2116.84,3.5,Clear,On Time,2027,2,2.0999999999999996,1,0.008252153073882558,0.02005304110685781,0.0017985520156250663,0.5185185185185185
SHP10762,2027-02-02,South,Road,Van,44.6,6.31,1,1.9,1333.16,3.2,Fog,Delayed,2027,2,0.8999999999999999,1,0.0005957912240841934,0.007118016462758637,0.0008181196039967834,0.12962962962962962
SHP10763,2027-02-03,West,Road,Truck,391.8,11.04,2,3.1,2610.12,4.3,Clear,Delayed,2027,2,1.1,1,0.008314399918189863,0.013035102204208261,0.002415675969289826,0.24074074074074073
SHP10764,2027-02-04,North,Road,Truck,221.5,6.84,5,6.6,2839.37,4.1,Storm,On Time,2027,2,1.5999999999999996,1,0.00452845792335635,0.0077810302984813225,0.002702481974758619,0.5648148148148148
SHP10765,2027-02-05,East,Road,Bike,433.6,2.13,2,0.6,1976.92,3.9,Clear,Delayed,2027,2,-1.4,0,0.009243656379634611,0.0018889639470589705,0.0016235033949699143,0.009259259259259257
SHP10766,2027-02-06,West,Air,Van,757.9,7.02,2,3.7,2659.23,4.5,Clear,On Time,2027,2,1.7000000000000002,1,0.016453174811369833,0.008006204808726762,0.002477115633100393,0.2962962962962963
SHP10767,2027-02-07,Central,Road,Truck,416.1952625,12.02,3,2.0,1513.11,4.8,Clear,On Time,2027,2,-1.0,0,0.0088567313848589,0.014261052315544547,0.0010432482438402263,0.13888888888888887
SHP10768,2027-02-08,South,Road,Van,372.1,4.43,3,3.5,2551.86,3.0,Clear,On Time,2027,2,0.5,1,0.007876448906456333,0.004766193800195151,0.0023427890865041693,0.27777777777777773
SHP10769,2027-02-09,West,Road,Van,1140.0,11.82,5,6.3,5515.18,3.6,Rain,Delayed,2027,2,1.2999999999999998,1,0.024947645957734396,0.014010858415271837,0.006050086674839105,0.537037037037037
SHP10770,2027-02-10,North,Road,Truck,418.9,7.33,3,4.3,3610.16,4.5,Storm,Delayed,2027,2,1.2999999999999998,1,0.008916860447021266,0.008394005354149466,0.0036667881948471296,0.3518518518518518
SHP10771,2027-02-11,Central,Air,Truck,340.6,11.4,5,5.7,2939.2,3.7,Rain,On Time,2027,2,0.7000000000000002,1,0.007176171907999165,0.013485451224699144,0.002827375512494495,0.48148148148148145
SHP10772,2027-02-12,North,Ship,Container,183.1,8.68,4,5.6,2428.55,3.5,Rain,On Time,2027,2,1.5999999999999996,1,0.0036747869157133265,0.010082814180990269,0.0021885206087098098,0.47222222222222215
SHP10773,2027-02-13,South,Ship,Van,591.9,3.23,2,2.2,4498.34,4.7,Rain,On Time,2027,2,0.20000000000000018,1,0.01276282618457968,0.003265030398558883,0.004777956604606225,0.1574074074074074
SHP10774,2027-02-14,West,Air,Van,158.7,5.54,2,2.9,1997.87,3.2,Clear,Delayed,2027,2,0.8999999999999999,1,0.003132350129606822,0.006154769946708699,0.0016497131477052301,0.2222222222222222
SHP10775,2027-02-15,North,Road,Truck,779.3,5.41,3,4.3,3632.94,3.8,Clear,In Transit,2027,2,1.2999999999999998,1,0.016928918550004224,0.005992143911531437,0.0036952873913774645,0.3518518518518518
SHP10776,2027-02-16,North,Air,Truck,537.4,4.28,3,2.1,2348.02,4.2,Clear,On Time,2027,2,-0.8999999999999999,0,0.011551235822169659,0.0045785483749906175,0.002087772571107184,0.14814814814814814
SHP10777,2027-02-17,West,Road,Truck,227.5,8.22,5,4.4,1361.19,3.6,Clear,On Time,2027,2,-0.5999999999999996,0,0.004661844018300572,0.009507368210363031,0.000853186876988235,0.3611111111111111
SHP10778,2027-02-18,West,Road,Truck,188.0,22.58,4,4.1,2035.94,4.5,Clear,In Transit,2027,2,0.09999999999999964,1,0.003783718893251108,0.027471290249943704,0.0016973410850147047,0.33333333333333326
SHP10779,2027-02-19,West,Ship,Truck,191.7,13.97,3,4.4,2116.57,3.6,Clear,In Transit,2027,2,1.4000000000000004,1,0.003865973651800045,0.016700442843203486,0.0017982142288356373,0.3611111111111111
SHP10780,2027-02-20,West,Road,Truck,71.5,15.2,2,2.6,1942.47,4.9,Clear,In Transit,2027,2,0.6000000000000001,1,0.0011938055497507905,0.018239135329880658,0.0015804043027631534,0.19444444444444445
SHP10781,2027-02-21,East,Ship,Container,30000.0,4.08,2,1.5,4685.85,3.9,Clear,Delayed,2027,2,-0.5,0,0.6665347626394441,0.004328354474717906,0.005012543274553678,0.09259259259259259
SHP10782,2027-02-22,South,Road,Bike,50.4,15.36,4,3.9,1915.85,4.4,Storm,In Transit,2027,2,-0.10000000000000009,0,0.0007247311158636081,0.018439290450098827,0.0015471010274498303,0.31481481481481477
SHP10783,2027-02-23,South,Rail,Container,325.3,18.7,3,5.5,3687.94,4.5,Clear,On Time,2027,2,2.5,1,0.006836037365891398,0.022617528584653105,0.003764095811446313,0.4629629629629629
SHP10784,2027-02-24,North,Rail,Bike,310.4,3.98,3,3.6,1776.22,3.6,Clear,On Time,2027,2,0.6000000000000001,1,0.006504795230113244,0.00420325752458155,0.0013724152148277692,0.28703703703703703
SHP10785,2027-02-25,Central,Ship,Truck,271.9,9.34,2,2.1,1946.12,2.7,Rain,On Time,2027,2,0.10000000000000009,1,0.0056489011208878176,0.010908454051890216,0.0015849706797313587,0.14814814814814814
SHP10786,2027-02-26,East,Rail,Bike,473.6,9.51,4,5.2,1958.27,4.2,Clear,Delayed,2027,2,1.2000000000000002,1,0.010132897012596094,0.011121118867122021,0.0016001710852556591,0.4351851851851852
SHP10787,2027-02-27,South,Rail,Truck,228.0,5.84,5,6.1,1511.71,4.0,Clear,On Time,2027,2,1.0999999999999996,1,0.004672959526212591,0.006530060797117766,0.0010414967567839285,0.5185185185185185
SHP10788,2027-02-28,East,Road,Bike,392.5,7.77,2,2.1,2754.9,4.4,Clear,On Time,2027,2,0.10000000000000009,1,0.008329961629266688,0.00894443193474943,0.002596804752154698,0.14814814814814814
SHP10789,2027-03-01,Central,Rail,Bike,779.2,9.83,3,4.6,3275.31,3.9,Clear,On Time,2027,3,1.5999999999999996,1,0.016926695448421823,0.01152142910755836,0.003247870022846147,0.3796296296296296
SHP10790,2027-03-02,North,Road,Container,511.8,6.12,7,7.4,3375.9,3.7,Clear,On Time,2027,3,0.40000000000000036,1,0.01098212181707431,0.006880332257499562,0.0033737143678411567,0.6388888888888888
SHP10791,2027-03-03,East,Air,Bike,254.4,13.54,3,4.1,2372.6,5.0,Clear,In Transit,2027,3,1.0999999999999996,1,0.005259858343967169,0.016162525957617153,0.0021185236795670443,0.33333333333333326
SHP10792,2027-03-04,East,Rail,Van,347.9,2.52,4,4.7,1851.98,3.0,Rain,On Time,2027,3,0.7000000000000002,1,0.007338458323514634,0.002376842052590758,0.0014671956858171508,0.3888888888888889
SHP10793,2027-03-05,South,Air,Truck,272.1,5.4,1,1.9,4737.99,4.5,Rain,On Time,2027,3,0.8999999999999999,1,0.005653347324052626,0.005979634216517801,0.005077773656778946,0.12962962962962962
SHP10794,2027-03-06,North,Road,Truck,307.2,11.19,4,3.7,2218.45,3.6,Clear,In Transit,2027,3,-0.2999999999999998,0,0.006433655979476326,0.013222747629412796,0.0019256724440468065,0.2962962962962963
SHP10795,2027-03-07,Central,Road,Van,400.9,21.08,1,0.8,3917.45,3.8,Clear,On Time,2027,3,-0.19999999999999996,0,0.008516702162188599,0.025594835997898368,0.004051227093082704,0.02777777777777778
SHP10796,2027-03-08,Central,Air,Truck,107.1,14.1,7,8.1,1701.1,3.8,Clear,Delayed,2027,3,1.0999999999999996,1,0.00198522971308651,0.016863068878380745,0.001278435423635552,0.7037037037037036
SHP10797,2027-03-09,East,Road,Van,86.1,7.66,4,4.0,2248.07,3.5,Fog,In Transit,2027,3,0.0,0,0.0015183783807817316,0.008806825289599439,0.0019627289059093397,0.32407407407407407
SHP10798,2027-03-10,West,Road,Bike,170.8,6.33,5,5.5,2616.41,4.4,Clear,Cancelled,2027,3,0.5,1,0.003401345421077671,0.007143035852785909,0.002423545150421336,0.4629629629629629
SHP10799,2027-03-11,Central,Road,Truck,488.8,5.62,4,4.4,2631.29,4.9,Rain,In Transit,2027,3,0.40000000000000036,1,0.010470808453121457,0.006254847506817784,0.0024421609557054177,0.3611111111111111
SHP10800,2027-03-12,West,Ship,Container,534.2,5.65,4,5.7,1704.96,4.3,Rain,On Time,2027,3,1.7000000000000002,1,0.011480096571532742,0.006292376591858691,0.0012832645236622022,0.48148148148148145
SHP10801,2027-03-13,North,Ship,Bike,587.4,1.55,3,3.2,2570.73,4.1,Clear,Delayed,2027,3,0.20000000000000018,1,0.012662786613371512,0.0011634016362681078,0.0023663966298987,0.25
SHP10802,2027-03-14,East,Road,Bike,176.3,20.53,5,5.1,3490.93,3.4,Clear,On Time,2027,3,0.09999999999999964,1,0.003523616008109875,0.024906802772148417,0.0035176240507596964,0.4259259259259259
SHP10803,2027-03-15,East,Road,Bike,370.6,6.68,7,8.3,2669.01,4.3,Clear,On Time,2027,3,1.3000000000000007,1,0.007843102382720277,0.007580875178263153,0.002489351021250818,0.7222222222222222
SHP10804,2027-03-16,South,Road,Van,260.4,3.79,3,4.5,2254.29,5.0,Clear,On Time,2027,3,1.5,1,0.005393244438911391,0.003965573319322475,0.001970510512688035,0.37037037037037035
SHP10805,2027-03-17,West,Air,Bike,316.5,9.25,6,5.9,1490.06,3.8,Clear,On Time,2027,3,-0.09999999999999964,0,0.006640404426639871,0.010795866796767495,0.0010144112605204633,0.5
SHP10806,2027-03-18,Central,Rail,Container,256.9,4.03,4,6.3,1521.69,3.8,Clear,In Transit,2027,3,2.3,1,0.005315435883527261,0.0042658059996497286,0.001053982357370967,0.537037037037037
SHP10807,2027-03-19,Central,Road,Truck,416.7,12.7,4,4.9,2880.91,3.6,Clear,On Time,2027,3,0.9000000000000004,1,0.008867952212208385,0.015111711576471766,0.002754451097843346,0.40740740740740744
SHP10808,2027-03-20,East,Road,Van,206.7,3.89,3,2.3,2109.74,3.7,Clear,Delayed,2027,3,-0.7000000000000002,0,0.004199438889160601,0.0040906702694588305,0.0017896694741252688,0.16666666666666663
SHP10809,2027-03-21,North,Road,Container,724.4,11.52,2,3.4,4360.78,2.2,Fog,On Time,2027,3,1.4,1,0.01570843578126459,0.013635567564862769,0.004605860490703119,0.2685185185185185
SHP10810,2027-03-22,Central,Rail,Truck,728.5,5.56,1,1.7,2916.45,4.3,Clear,On Time,2027,3,0.7,1,0.015799582946143143,0.00617978933673597,0.002798913847829653,0.1111111111111111
SHP10811,2027-03-23,West,Air,Van,478.7,8.44,2,3.1,2863.59,3.5,Storm,Cancelled,2027,3,1.1,1,0.010246275193298683,0.009782581500663013,0.0027327827008325743,0.24074074074074073
SHP10812,2027-03-24,North,Road,Van,670.6,12.11,3,3.9,3122.1,3.0,Storm,On Time,2027,3,0.8999999999999999,1,0.014512407129931397,0.014373639570667267,0.003056194785777995,0.31481481481481477
SHP10813,2027-03-25,Central,Road,Truck,103.5,4.67,3,3.2,1095.43,4.5,Storm,Delayed,2027,3,0.20000000000000018,1,0.0019051980561199766,0.005066426480522405,0.0005207045912155569,0.25
SHP10814,2027-03-26,Central,Road,Van,751.5,11.92,3,3.2,2420.98,3.3,Fog,On Time,2027,3,0.20000000000000018,1,0.016310896310095996,0.014135955365408192,0.00217905006798397,0.25
SHP10815,2027-03-27,East,Ship,Container,448.3,1.61,7,8.6,2578.79,3.8,Clear,On Time,2027,3,1.5999999999999996,1,0.009570452312247957,0.0012384598063499214,0.0023764801910942436,0.7499999999999999
SHP10816,2027-03-28,East,Road,Van,216.4,17.79,3,2.2,2432.37,5.0,Clear,On Time,2027,3,-0.7999999999999998,0,0.004415079742653761,0.021479146338412268,0.002193299666249137,0.1574074074074074
SHP10817,2027-03-29,South,Air,Truck,199.9,13.28,3,2.2,1767.23,3.1,Rain,In Transit,2027,3,-0.7999999999999998,0,0.004048267981557149,0.01583727388726263,0.0013611681658019699,0.1574074074074074
SHP10818,2027-03-30,North,Rail,Truck,917.3,6.51,2,3.7,2743.34,3.0,Rain,On Time,2027,3,1.7000000000000002,1,0.01999679873372134,0.007368210363031349,0.002582342473318409,0.2962962962962963
SHP10819,2027-03-31,South,Road,Truck,593.6,14.85,1,3.5,3539.28,4.2,Fog,On Time,2027,3,2.5,1,0.012800618911480544,0.017801296004403413,0.0035781129073111304,0.27777777777777773
SHP10820,2027-04-01,West,Road,Bike,310.5,13.86,5,5.1,2215.26,4.7,Storm,On Time,2027,4,0.09999999999999964,1,0.006507018331695649,0.01656283619805349,0.0019216815556828137,0.4259259259259259
SHP10821,2027-04-02,North,Road,Truck,102.4,6.94,4,4.8,2114.47,3.0,Clear,In Transit,2027,4,0.7999999999999998,1,0.001880743938713536,0.00790612724861768,0.0017955869982511899,0.3981481481481481
SHP10822,2027-04-03,South,Rail,Van,776.1,6.89,5,7.2,5327.2,4.3,Clear,Delayed,2027,4,2.2,1,0.01685777929936731,0.0078435787735495,0.00581491200566561,0.6203703703703703
SHP10823,2027-04-04,South,Air,Truck,140.6,3.45,2,3.0,803.31,4.4,Clear,Delayed,2027,4,1.0,1,0.0027299687431917513,0.0035402436888588656,0.00015524430629715384,0.23148148148148145
SHP10824,2027-04-05,East,Rail,Truck,263.9,7.2,4,4.1,1657.44,2.7,Clear,On Time,2027,4,0.09999999999999964,1,0.005471052994295521,0.008231379318972203,0.0012238140487227168,0.33333333333333326
SHP10825,2027-04-06,Central,Rail,Container,310.1,2.08,2,1.4,1835.16,4.5,Clear,In Transit,2027,4,-0.6000000000000001,0,0.006498125925366034,0.0018264154719907929,0.001446152819897914,0.08333333333333331
SHP10826,2027-04-07,South,Road,Container,197.5,11.43,2,0.5,3532.25,4.6,Rain,In Transit,2027,4,-1.5,0,0.00399491354357946,0.01352298030974005,0.0035693179401641473,0.0
SHP10827,2027-04-08,South,Ship,Truck,300.2,11.59,1,1.2,1558.83,3.8,Fog,In Transit,2027,4,0.19999999999999996,1,0.006278038868708067,0.01372313542995822,0.0011004468068501858,0.06481481481481481
SHP10828,2027-04-09,West,Air,Truck,344.3,1.63,2,3.7,4329.26,4.8,Clear,In Transit,2027,4,1.7000000000000002,1,0.0072584266665481015,0.0012634791963771921,0.004566427010692754,0.2962962962962963
SHP10829,2027-04-10,East,Road,Truck,295.7,16.7,3,2.3,2541.04,4.7,Storm,Delayed,2027,4,-0.7000000000000002,0,0.0061779992974999,0.02011558958192599,0.002329252593683352,0.16666666666666663
SHP10830,2027-04-11,North,Ship,Van,430.9,4.37,2,3.3,2250.56,4.1,Rain,On Time,2027,4,1.2999999999999998,1,0.009183632636909711,0.004691135630113338,0.0019658440507451837,0.25925925925925924
SHP10831,2027-04-12,East,Rail,Van,938.8,34.97,7,7.4,4376.19,3.7,Fog,In Transit,2027,4,0.40000000000000036,1,0.020474765573938136,0.042970802371838174,0.004625139358944226,0.6388888888888888
SHP10832,2027-04-13,North,Rail,Truck,107.0,8.14,3,3.3,1473.72,3.4,Clear,Cancelled,2027,4,0.2999999999999998,1,0.0019830066115041063,0.009407290650253947,0.0009939689044490998,0.25925925925925924
SHP10833,2027-04-14,North,Air,Truck,386.3,16.8,2,3.3,3594.84,4.0,Fog,On Time,2027,4,1.2999999999999998,1,0.008192129331157658,0.020240686532062346,0.0036476219222024977,0.25925925925925924
SHP10834,2027-04-15,East,Ship,Truck,141.9,3.36,2,1.5,1103.16,4.4,Rain,On Time,2027,4,-0.5,0,0.002758869063763,0.0034276564337361454,0.0005303753018906878,0.09259259259259259
SHP10835,2027-04-16,South,Rail,Bike,97.9,5.55,4,4.3,1875.17,3.8,Clear,Cancelled,2027,4,0.2999999999999998,1,0.0017807043675053692,0.0061672796417223345,0.0014962078178425437,0.3518518518518518
SHP10836,2027-04-17,Central,Road,Bike,638.0,4.66,1,1.5,2547.83,2.6,Clear,On Time,2027,4,0.5,1,0.013787676014067789,0.0050539167855087695,0.002337747305906397,0.09259259259259259
SHP10837,2027-04-18,South,Road,Truck,409.4,2.04,5,6.3,1769.06,4.8,Storm,In Transit,2027,4,1.2999999999999998,1,0.008705665796692914,0.0017763766919362506,0.001363457609596988,0.537037037037037
SHP10838,2027-04-19,East,Ship,Container,92.4,2.53,7,7.4,5317.36,4.1,Clear,On Time,2027,4,0.40000000000000036,1,0.0016584337804731652,0.002389351747604393,0.005802601553784201,0.6388888888888888
SHP10839,2027-04-20,West,Road,Truck,300.0,6.33,2,2.5,2407.66,3.8,Clear,On Time,2027,4,0.5,1,0.006273592665543259,0.007143035852785909,0.0021623859197054777,0.18518518518518517
SHP10840,2027-04-21,North,Road,Truck,171.2,9.03,3,4.8,2390.84,4.6,Clear,On Time,2027,4,1.7999999999999998,1,0.0034102378274072855,0.010520653506467513,0.002141343053786241,0.3981481481481481
SHP10841,2027-04-22,West,Road,Container,307.7,3.09,1,2.1,3051.1,5.0,Rain,On Time,2027,4,1.1,1,0.006444771487388344,0.003089894668367985,0.0029673693707800266,0.14814814814814814
SHP10842,2027-04-23,Unknown,Road,Bike,546.8,5.31,4,4.1,1943.42,2.2,Fog,On Time,2027,4,0.09999999999999964,1,0.011760207370915607,0.005867046961395081,0.00158159281183707,0.33333333333333326
SHP10843,2027-04-24,Central,Rail,Bike,510.6,4.01,3,3.6,4440.89,4.3,Clear,On Time,2027,4,0.6000000000000001,1,0.010955444598085467,0.004240786609622457,0.004706083082188855,0.28703703703703703
SHP10844,2027-04-25,North,Ship,Van,258.3,6.64,2,2.3,1105.59,3.1,Clear,Delayed,2027,4,0.2999999999999998,1,0.0053465593056809145,0.007530836398208611,0.0005334153829955477,0.16666666666666663
SHP10845,2027-04-26,Unknown,Road,Truck,657.4,10.86,2,3.0,2620.46,4.3,Storm,Cancelled,2027,4,1.0,1,0.014218957721054108,0.012809927693962822,0.0024286119522627697,0.23148148148148145
SHP10846,2027-04-27,North,Road,Container,818.4,7.47,4,7.7,3003.48,4.1,Fog,On Time,2027,4,3.7,1,0.017798151268724076,0.008569141084340363,0.002907793789622234,0.6666666666666666
SHP10847,2027-04-28,Central,Road,Truck,552.8,4.51,3,4.2,3042.96,4.4,Fog,On Time,2027,4,1.2000000000000002,1,0.011893593465859829,0.004866271360304235,0.0029571857246098363,0.34259259259259256
SHP10848,2027-04-29,East,Ship,Van,227.0,13.57,2,0.5,2341.24,3.7,Clear,On Time,2027,4,-1.5,0,0.004650728510388554,0.016200055042658063,0.0020792903695059694,0.0
SHP10849,2027-04-30,East,Rail,Truck,315.0,7.06,4,3.9,2107.77,2.8,Clear,On Time,2027,4,-0.10000000000000009,0,0.0066070579029038155,0.008056243588781304,0.0017872048816246213,0.31481481481481477
SHP10850,2027-05-01,North,Road,Van,920.1,7.63,4,3.4,3495.27,3.7,Clear,On Time,2027,5,-0.6000000000000001,0,0.020059045578028647,0.008769296204558533,0.00352305366063422,0.2685185185185185
SHP10851,2027-05-02,West,Ship,Truck,272.9,3.12,5,5.1,1417.33,4.3,Rain,On Time,2027,5,0.09999999999999964,1,0.005671132136711854,0.003127423753408892,0.0009234215079457835,0.4259259259259259
SHP10852,2027-05-03,North,Ship,Truck,511.7,12.64,2,0.7,2100.08,4.7,Clear,On Time,2027,5,-1.3,0,0.010979898715491905,0.015036653406389953,0.001777584213436813,0.018518518518518514
SHP10853,2027-05-04,Central,Ship,Bike,195.4,9.44,5,4.4,2567.57,3.2,Clear,On Time,2027,5,-0.5999999999999996,0,0.003948228410348983,0.01103355100202657,0.002362443273400199,0.3611111111111111
SHP10854,2027-05-05,North,Ship,Truck,660.4,9.77,4,3.4,3569.8,4.7,Clear,On Time,2027,5,-0.6000000000000001,0,0.014285650768526219,0.011446370937476545,0.0036162953251384256,0.2685185185185185
SHP10855,2027-05-06,North,Road,Van,178.1,5.9,2,2.6,3495.44,3.6,Clear,Delayed,2027,5,0.6000000000000001,1,0.003563631836593141,0.00660511896719958,0.003523266341205342,0.19444444444444445
SHP10856,2027-05-07,North,Air,Truck,325.0,5.17,4,4.5,1680.8,4.2,Fog,On Time,2027,5,0.5,1,0.006829368061144186,0.005691911231204183,0.0012530388613192314,0.37037037037037035
SHP10857,2027-05-08,East,Road,Truck,499.7,20.6,3,4.0,3594.44,3.7,Clear,In Transit,2027,5,1.0,1,0.010713126525603462,0.024994370637243864,0.0036471214973292703,0.32407407407407407
SHP10858,2027-05-09,South,Ship,Truck,1040.1,5.11,6,7.4,3503.94,4.1,Rain,Cancelled,2027,5,1.4000000000000004,1,0.02272676747691309,0.00561685306112237,0.0035339003697614367,0.6388888888888888
SHP10859,2027-05-10,North,Air,Truck,404.2,2.66,2,1.2,3314.99,4.6,Storm,Cancelled,2027,5,-0.8,0,0.008590064514407922,0.002551977782781656,0.003297512170270363,0.06481481481481481
SHP10860,2027-05-11,West,Air,Bike,285.5,7.89,4,4.9,3030.42,3.2,Clear,Cancelled,2027,5,0.9000000000000004,1,0.005951242936094722,0.009094548274913057,0.002941497404834139,0.40740740740740744
SHP10861,2027-05-12,East,Rail,Truck,269.9,6.9,3,5.3,2196.54,3.6,Rain,On Time,2027,5,2.3,1,0.005604439089239743,0.007856088468563137,0.0018982616716157433,0.4444444444444444
SHP10862,2027-05-13,East,Road,Bike,641.8,13.97,7,8.3,2906.43,4.1,Storm,On Time,2027,5,1.3000000000000007,1,0.013872153874199128,0.016700442843203486,0.002786378204755292,0.7222222222222222
SHP10863,2027-05-14,East,Rail,Van,473.1,6.23,3,3.2,3314.86,5.0,Storm,On Time,2027,5,0.20000000000000018,1,0.010121781504684076,0.007017938902649554,0.003297349532186565,0.25
SHP10864,2027-05-15,South,Ship,Truck,539.7,10.63,7,6.3,3289.25,3.4,Clear,In Transit,2027,5,-0.7000000000000002,0,0.011602367158564946,0.012522204708649206,0.0032653098296781423,0.537037037037037
SHP10865,2027-05-16,East,Ship,Van,879.3,17.44,6,6.3,3376.63,5.0,Clear,In Transit,2027,5,0.2999999999999998,1,0.01915202013240793,0.021041307012935027,0.0033746276432347973,0.537037037037037
SHP10866,2027-05-17,North,Road,Van,361.0,9.07,2,3.0,1695.54,5.0,Clear,In Transit,2027,5,1.0,1,0.00762968463080952,0.010570692286522056,0.001271479517897683,0.23148148148148145
SHP10867,2027-05-18,North,Road,Container,450.8,3.24,5,6.7,2139.28,3.9,Rain,On Time,2027,5,1.7000000000000002,1,0.009626029851808049,0.003277540093572519,0.0018266258510131566,0.5740740740740741
SHP10868,2027-05-19,Central,Road,Truck,267.2,9.25,7,7.6,3700.7,3.8,Rain,In Transit,2027,5,0.5999999999999996,1,0.005544415346514843,0.010795866796767495,0.0037800593649022856,0.6574074074074073
SHP10869,2027-05-20,Central,Air,Truck,189.6,5.37,2,3.1,2881.96,3.6,Rain,On Time,2027,5,1.1,1,0.003819288518569567,0.005942105131476895,0.0027557647131355697,0.24074074074074073
SHP10870,2027-05-21,South,Ship,Bike,219.5,7.06,3,4.0,1429.7,4.0,Clear,On Time,2027,5,1.0,1,0.004483995891708276,0.008056243588781304,0.0009388971471503593,0.32407407407407407
SHP10871,2027-05-22,South,Road,Bike,34.3,6.94,3,3.6,955.97,3.1,Clear,In Transit,2027,5,0.6000000000000001,1,0.0003668117610966115,0.00790612724861768,0.0003462314591646172,0.28703703703703703
SHP10872,2027-05-23,West,Rail,Bike,496.3,2.61,3,3.1,3626.44,4.0,Rain,On Time,2027,5,0.10000000000000009,1,0.010637541071801735,0.0024894293077134776,0.0036871554871875096,0.24074074074074073
SHP10873,2027-05-24,South,Ship,Truck,462.7,6.21,1,1.8,1884.27,5.0,Clear,Cancelled,2027,5,0.8,1,0.00989057894011409,0.0069929195126222825,0.0015075924837084805,0.12037037037037036
SHP10874,2027-05-25,North,Air,Container,489.3,3.1,2,1.9,2788.73,3.6,Rain,On Time,2027,5,-0.10000000000000009,0,0.010481923961033476,0.003102404363381621,0.002639128185807956,0.12962962962962962
SHP10875,2027-05-26,North,Rail,Van,179.8,4.83,3,3.3,1428.25,3.8,Clear,In Transit,2027,5,0.2999999999999998,1,0.0036014245634940047,0.005266581600740574,0.0009370831069849078,0.25925925925925924
SHP10876,2027-05-27,West,Rail,Van,222.5,12.61,3,3.6,3880.3,2.9,Clear,On Time,2027,5,0.6000000000000001,1,0.004550688939180387,0.014999124321349045,0.004004750132981655,0.28703703703703703
SHP10877,2027-05-28,West,Rail,Truck,217.0,7.32,2,4.0,1526.95,4.2,Clear,In Transit,2027,5,2.0,1,0.004428418352148183,0.00838149565913583,0.001060562944453915,0.32407407407407407
SHP10878,2027-05-29,North,Road,Van,702.3,10.21,6,5.7,4175.39,4.2,Clear,In Transit,2027,5,-0.2999999999999998,0,0.01521713033155337,0.011996797518076512,0.004373926072583775,0.48148148148148145
SHP10879,2027-05-30,North,Rail,Truck,394.0,7.74,4,5.0,2479.37,4.0,Clear,Cancelled,2027,5,1.0,1,0.008363308153002744,0.008906902849708524,0.002252099588853426,0.41666666666666663
SHP10880,2027-05-31,North,Air,Truck,358.3,5.65,1,3.0,2378.3,3.9,Clear,On Time,2027,5,2.0,1,0.00756966088808462,0.006292376591858691,0.0021256547340105436,0.23148148148148145
SHP10881,2027-06-01,West,Ship,Bike,572.8,8.28,4,5.6,1960.03,3.8,Clear,Cancelled,2027,6,1.5999999999999996,1,0.012338213782340571,0.009582426380444844,0.0016023729546978621,0.47222222222222215
SHP10882,2027-06-02,North,Rail,Truck,217.5,1.81,4,5.1,902.68,4.3,Clear,On Time,2027,6,1.0999999999999996,1,0.004439533860060202,0.0014886537066226325,0.00027956235542881785,0.4259259259259259
SHP10883,2027-06-03,North,Air,Truck,443.4,11.46,7,8.2,2450.09,4.0,Clear,On Time,2027,6,1.1999999999999993,1,0.009461520334710174,0.013560509394780958,0.002215468488133137,0.7129629629629628
SHP10884,2027-06-04,West,Road,Truck,1125.2,3.71,1,3.9,3993.54,4.2,Rain,On Time,2027,6,2.9,1,0.02461862692353865,0.00386549575921339,0.004146420414592499,0.31481481481481477
SHP10885,2027-06-05,North,Road,Bike,773.8,9.78,2,2.0,2697.38,4.1,Clear,In Transit,2027,6,0.0,0,0.016806647962972023,0.01145888063249018,0.002524843655384513,0.13888888888888887
SHP10886,2027-06-06,West,Road,Van,438.9,5.49,6,5.2,1823.68,4.7,Rain,On Time,2027,6,-0.7999999999999998,0,0.009361480763502007,0.006092221471640522,0.0014317906260362704,0.4351851851851852
SHP10887,2027-06-07,North,Road,Truck,367.8,2.61,6,6.5,2550.97,4.4,Rain,In Transit,2027,6,0.5,1,0.007780855538412973,0.0024894293077134776,0.0023416756411612366,0.5555555555555555
SHP10888,2027-06-08,North,Air,Container,486.5,4.22,4,2.5,2869.72,4.1,Rain,Delayed,2027,6,-1.5,0,0.010419677116726173,0.004503490204908804,0.002740451712014793,0.18518518518518517
SHP10889,2027-06-09,South,Ship,Container,842.4,9.82,5,7.4,3320.52,5.0,Storm,On Time,2027,6,2.4000000000000004,1,0.018331695648500963,0.011508919412544723,0.003304430544142741,0.6388888888888888
SHP10890,2027-06-10,West,Road,Truck,804.8,24.93,1,3.4,4504.56,4.3,Clear,Cancelled,2027,6,2.4,1,0.01749580945351717,0.030411068578148064,0.004785738211384921,0.2685185185185185
SHP10891,2027-06-11,Central,Road,Van,932.5,6.63,3,3.9,2918.91,4.8,Rain,On Time,2027,6,0.8999999999999999,1,0.020334710174246703,0.007518326703194976,0.002801991460800005,0.31481481481481477
SHP10892,2027-06-12,West,Ship,Container,409.3,23.07,2,2.2,2704.4,4.4,Storm,In Transit,2027,6,0.20000000000000018,1,0.008703442695110511,0.02808426530561185,0.002533626111909664,0.1574074074074074
SHP10893,2027-06-13,South,Road,Van,50.0,1.8,2,2.0,3172.9,2.8,Fog,On Time,2027,6,0.0,0,0.0007158387095339935,0.0014761440116089972,0.0031197487446779503,0.13888888888888887
SHP10894,2027-06-14,West,Rail,Truck,1075.7,5.8,5,6.6,3827.92,4.8,Clear,On Time,2027,6,1.5999999999999996,1,0.023518191640248813,0.0064800220170632234,0.003939219495832449,0.5648148148148148
SHP10895,2027-06-15,North,Air,Bike,189.2,6.63,2,2.4,1947.45,4.1,Clear,On Time,2027,6,0.3999999999999999,1,0.0038103961122399523,0.007518326703194976,0.001586634592434842,0.1759259259259259
SHP10896,2027-06-16,South,Rail,Van,566.6,10.16,3,4.4,5910.3,4.0,Clear,On Time,2027,6,1.4000000000000004,1,0.012200381484231543,0.011934249043008332,0.006544406364613716,0.3611111111111111
SHP10897,2027-06-17,Central,Road,Truck,51.0,4.34,6,5.9,825.46,4.2,Rain,On Time,2027,6,-0.09999999999999964,0,0.0007380697253580306,0.004653606545072431,0.00018295533365215403,0.5
SHP10898,2027-06-18,North,Road,Truck,353.0,8.81,2,3.4,2963.09,3.8,Rain,On Time,2027,6,1.4,1,0.007451836504217224,0.010245440216167532,0.0028572633880480374,0.2685185185185185
SHP10899,2027-06-19,North,Air,Truck,273.2,6.01,7,7.8,3837.98,4.1,Clear,On Time,2027,6,0.7999999999999998,1,0.005677801441459066,0.006742725612349571,0.003951805181394133,0.6759259259259258
SHP10900,2027-06-20,North,Rail,Truck,933.8,15.28,7,7.7,3602.83,3.6,Clear,On Time,2027,6,0.7000000000000002,1,0.02036361049481795,0.018339212889989742,0.0036576179090452264,0.6666666666666666
SHP10901,2027-06-21,North,Road,Container,442.7,7.9,4,6.0,3195.01,4.8,Rain,On Time,2027,6,2.0,1,0.009445958623633349,0.009107057969926693,0.0031474097295456274,0.5092592592592592
SHP10902,2027-06-22,North,Air,Truck,350.5,33.13,2,1.1,2636.84,3.9,Clear,In Transit,2027,6,-0.8999999999999999,0,0.007396258964657131,0.04066901848932924,0.002449104350821456,0.05555555555555556
SHP10903,2027-06-23,East,Road,Truck,476.2,6.05,3,3.6,2090.11,3.8,Fog,Delayed,2027,6,0.6000000000000001,1,0.01019069765373859,0.006792764392404113,0.0017651111234716055,0.28703703703703703
SHP10904,2027-06-24,South,Air,Van,23.2,14.64,3,4.0,2061.21,3.4,Fog,In Transit,2027,6,1.0,1,0.00012004748544980012,0.01753859240911707,0.001728955426380883,0.32407407407407407
SHP10905,2027-06-25,Central,Road,Truck,213.7,17.73,3,2.6,2971.04,4.2,Clear,Delayed,2027,6,-0.3999999999999999,0,0.00435505599992886,0.021404088168330455,0.002867209332403443,0.19444444444444445
SHP10906,2027-06-26,West,Ship,Bike,239.7,0.84,3,3.7,2801.86,4.1,Rain,Delayed,2027,6,0.7000000000000002,1,0.0049330624113538245,0.00027521329029998247,0.002655554632271665,0.2962962962962963
SHP10907,2027-06-27,South,Road,Truck,527.1,11.36,7,8.3,4430.75,4.3,Clear,Delayed,2027,6,1.3000000000000007,1,0.011322256359182077,0.0134354124446446,0.004693397311652525,0.7222222222222222
SHP10908,2027-06-28,South,Road,Truck,157.3,5.89,2,1.4,1720.04,3.3,Rain,On Time,2027,6,-0.6000000000000001,0,0.0031012267074531706,0.006592609272185943,0.0013021305413828976,0.08333333333333331
SHP10909,2027-06-29,South,Road,Truck,397.3,2.91,5,5.5,3312.59,3.0,Storm,Delayed,2027,6,0.5,1,0.008436670505222066,0.002864720158122545,0.0032945096210309954,0.4629629629629629
SHP10910,2027-06-30,East,Road,Truck,326.9,15.45,1,1.3,2263.91,4.4,Fog,On Time,2027,6,0.30000000000000004,1,0.006871606991209856,0.018551877705221546,0.001982545730889168,0.07407407407407407
SHP10911,2027-07-01,South,Ship,Truck,222.8,4.53,4,3.8,2639.23,5.0,Clear,In Transit,2027,7,-0.20000000000000018,0,0.004557358243927599,0.004891290750331507,0.0024520943894389934,0.3055555555555555
SHP10912,2027-07-02,West,Ship,Container,234.1,1.72,6,8.6,1933.7,3.3,Clear,In Transit,2027,7,2.5999999999999996,1,0.004808568722739217,0.0013760664514999126,0.0015694324874176296,0.7499999999999999
SHP10913,2027-07-03,South,Road,Bike,324.8,8.03,3,2.7,2544.24,5.0,Clear,On Time,2027,7,-0.2999999999999998,0,0.006824921857979379,0.009269684005103954,0.0023332559926691754,0.20370370370370372
SHP10914,2027-07-04,East,Road,Truck,65.4,16.96,2,3.1,2267.34,4.2,Clear,In Transit,2027,7,1.1,1,0.0010581963532241645,0.02044084165228052,0.0019868368741770984,0.24074074074074073
SHP10915,2027-07-05,South,Air,Van,416.1952625,2.94,4,4.4,1875.68,4.0,Clear,On Time,2027,7,0.40000000000000036,1,0.0088567313848589,0.0029022492431634516,0.0014968458595559094,0.3611111111111111
SHP10916,2027-07-06,Unknown,Ship,Container,188.2,12.37,4,3.2,1500.09,3.7,Clear,On Time,2027,7,-0.7999999999999998,0,0.003788165096415915,0.014698891641021792,0.0010269594142166551,0.25
SHP10917,2027-07-07,Central,Rail,Container,286.1,1.38,4,4.5,1960.0,3.1,Clear,On Time,2027,7,0.5,1,0.005964581545589145,0.0009507368210363031,0.0016023354228323701,0.37037037037037035
SHP10918,2027-07-08,West,Road,Truck,912.4,17.75,3,5.0,3107.67,4.6,Clear,In Transit,2027,7,2.0,1,0.019887866756183557,0.021429107558357727,0.003038141958476295,0.41666666666666663
SHP10919,2027-07-09,North,Road,Truck,584.4,9.19,2,3.8,3521.74,3.5,Clear,In Transit,2027,7,1.7999999999999998,1,0.012596093565899401,0.010720808626685683,0.0035561692766200815,0.3055555555555555
SHP10920,2027-07-10,Central,Air,Truck,135.0,2.7,7,8.8,2348.87,3.5,Storm,In Transit,2027,7,1.8000000000000007,1,0.002605475054577144,0.002602016562836198,0.0020888359739627935,0.7685185185185185
SHP10921,2027-07-11,East,Road,Container,19.8,11.63,6,9.0,1901.52,4.6,Rain,On Time,2027,7,3.0,1,4.446203164807413e-05,0.013773174210012762,0.0015291733063664376,0.787037037037037
SHP10922,2027-07-12,Central,Rail,Container,489.8,4.73,3,4.0,1897.29,2.8,Clear,On Time,2027,7,1.0,1,0.010493039468945494,0.005141484650604219,0.0015238813133320516,0.32407407407407407
SHP10923,2027-07-13,West,Road,Truck,294.4,3.45,5,4.8,3357.56,3.0,Clear,Delayed,2027,7,-0.20000000000000018,0,0.006149098976928651,0.0035402436888588656,0.003350769887403653,0.3981481481481481
SHP10924,2027-07-14,South,Air,Truck,398.9,4.65,3,4.0,4756.56,4.0,Clear,On Time,2027,7,1.0,1,0.008472240130540525,0.005041407090495134,0.0051010058815185565,0.32407407407407407
SHP10925,2027-07-15,North,Road,Bike,571.7,10.86,3,3.6,2951.92,4.2,Clear,Delayed,2027,7,0.6000000000000001,1,0.012313759664934133,0.012809927693962822,0.0028432890234631456,0.28703703703703703
SHP10926,2027-07-16,South,Rail,Container,631.4,3.28,2,3.8,3108.74,4.3,Clear,On Time,2027,7,1.7999999999999998,1,0.013640951309629144,0.0033275788736270608,0.0030394805950121795,0.3055555555555555
SHP10927,2027-07-17,East,Road,Bike,253.9,1.01,3,2.1,1948.12,3.8,Fog,On Time,2027,7,-0.8999999999999999,0,0.005248742836055151,0.00048787810553178716,0.0015874728040974986,0.14814814814814814
SHP10928,2027-07-18,West,Rail,Container,321.0,4.83,4,6.8,2497.72,5.0,Rain,On Time,2027,7,2.8,1,0.006740443997848038,0.005266581600740574,0.00227505657991276,0.5833333333333333
SHP10929,2027-07-19,South,Road,Truck,452.3,15.87,1,2.5,2685.35,3.9,Rain,Delayed,2027,7,1.5,1,0.009659376375544105,0.01907728489579424,0.0025097933773221806,0.18518518518518517
SHP10930,2027-07-20,North,Rail,Van,472.4,15.73,3,2.0,2778.97,3.8,Clear,On Time,2027,7,-1.0,0,0.010106219793607249,0.018902149165603344,0.0026269178189011924,0.13888888888888887
SHP10931,2027-07-21,West,Rail,Van,396.2,4.65,5,4.9,3028.88,3.5,Storm,On Time,2027,7,-0.09999999999999964,0,0.008412216387815625,0.005041407090495134,0.002939570769072211,0.40740740740740744
SHP10932,2027-07-22,Central,Rail,Truck,849.1,4.52,4,6.0,6429.45,4.1,Storm,On Time,2027,7,2.0,1,0.018480643454522015,0.0048787810553178705,0.007193895296954496,0.5092592592592592
SHP10933,2027-07-23,East,Rail,Van,468.8,4.32,4,5.8,1743.69,4.4,Clear,On Time,2027,7,1.7999999999999998,1,0.010026188136640716,0.00462858715504516,0.0013317181620125026,0.4907407407407407
SHP10934,2027-07-24,North,Rail,Container,566.2,4.17,6,5.5,2536.3,4.8,Clear,On Time,2027,7,-0.5,0,0.012191489077901928,0.004440941729840627,0.0023233225589356006,0.4629629629629629
SHP10935,2027-07-25,South,Ship,Truck,419.5,4.39,1,2.3,1709.72,3.0,Clear,On Time,2027,7,1.2999999999999998,1,0.00893019905651569,0.0047161550201406085,0.0012892195796536153,0.16666666666666663
SHP10936,2027-07-26,North,Road,Container,156.4,8.3,4,2.3,3543.72,3.8,Clear,Delayed,2027,7,-1.7000000000000002,0,0.003081218793211537,0.009607445770472116,0.0035836676234039604,0.16666666666666663
SHP10937,2027-07-27,Central,Ship,Van,213.2,16.12,5,5.2,1910.45,4.3,Rain,On Time,2027,7,0.20000000000000018,1,0.004343940492016842,0.019390027271135132,0.0015403452916612527,0.4351851851851852
SHP10938,2027-07-28,North,Road,Bike,130.2,3.28,4,5.3,949.22,4.4,Clear,In Transit,2027,7,1.2999999999999998,1,0.0024987661786217657,0.0033275788736270608,0.00033778678942889483,0.4444444444444444
SHP10939,2027-07-29,East,Road,Truck,677.6,3.77,3,3.4,3344.26,4.0,Clear,Delayed,2027,7,0.3999999999999999,1,0.014668024240699656,0.003940553929295204,0.003334130760368822,0.2685185185185185
SHP10940,2027-07-30,South,Air,Truck,92.0,8.97,2,0.6,3679.65,4.4,Clear,On Time,2027,7,-1.4,0,0.0016495413741435504,0.0104455953363857,0.003753724505948663,0.009259259259259257
SHP10941,2027-07-31,East,Road,Van,311.6,11.28,6,6.6,2826.14,3.5,Clear,On Time,2027,7,0.5999999999999996,1,0.00653147244910209,0.013335334884535515,0.0026859304220766037,0.5648148148148148
SHP10942,2027-08-01,West,Air,Truck,264.4,2.07,3,2.8,2010.6,5.0,Fog,In Transit,2027,8,-0.20000000000000018,0,0.005482168502207539,0.001813905776977157,0.0016656391692957111,0.21296296296296294
SHP10943,2027-08-02,West,Air,Container,259.3,20.07,6,7.0,2790.73,4.6,Rain,On Time,2027,8,1.0,1,0.005368790321504951,0.024331356801521178,0.002641630310174096,0.6018518518518519
SHP10944,2027-08-03,North,Air,Container,276.3,5.51,4,3.5,3439.73,3.1,Rain,On Time,2027,8,-0.5,0,0.005746717590513581,0.006117240861667792,0.0034535696669865134,0.27777777777777773
SHP10945,2027-08-04,North,Rail,Truck,951.0,2.24,4,4.6,2919.94,3.3,Clear,On Time,2027,8,0.5999999999999996,1,0.02074598396699139,0.002026570592208962,0.002803280054848568,0.3796296296296296
SHP10946,2027-08-05,North,Road,Van,61.1,1.99,5,3.1,1343.73,3.3,Rain,Delayed,2027,8,-1.9,0,0.0009626029851808049,0.001713828216868073,0.000831343331271833,0.24074074074074073
SHP10947,2027-08-06,Central,Road,Van,782.6,1.9,4,5.3,2733.06,4.4,Clear,Delayed,2027,8,1.2999999999999998,1,0.017002280902223547,0.0016012409617453525,0.00256948155407645,0.4444444444444444
SHP10948,2027-08-07,Central,Road,Truck,293.8,14.46,3,3.3,1790.04,3.2,Rain,Cancelled,2027,8,0.2999999999999998,1,0.00613576036743423,0.017313417898871628,0.0013897048941977962,0.25925925925925924
SHP10949,2027-08-08,East,Road,Bike,604.8,7.36,3,2.7,2599.87,3.8,Clear,In Transit,2027,8,-0.2999999999999998,0,0.013049606288709758,0.008431534439190373,0.0024028525819133587,0.20370370370370372
SHP10950,2027-08-09,East,Road,Container,366.0,14.54,5,5.7,3542.96,4.3,Clear,On Time,2027,8,0.7000000000000002,1,0.0077408397099297055,0.01741349545898071,0.003582716816144827,0.48148148148148145
SHP10951,2027-08-10,West,Road,Van,141.8,6.41,3,4.2,2191.43,4.0,Clear,On Time,2027,8,1.2000000000000002,1,0.0027566459621805963,0.007243113412894994,0.0018918687438602556,0.34259259259259256
SHP10952,2027-08-11,North,Rail,Container,830.4,14.28,3,4.0,4054.08,4.2,Clear,On Time,2027,8,1.0,1,0.01806492345861252,0.017088243388626186,0.004222159719155556,0.32407407407407407
SHP10953,2027-08-12,Central,Air,Van,750.3,6.3,1,2.3,3184.81,3.3,Storm,On Time,2027,8,1.2999999999999998,1,0.01628421909110715,0.007105506767745002,0.0031346488952783136,0.16666666666666663
SHP10954,2027-08-13,South,Ship,Bike,150.7,10.13,6,6.5,2302.28,4.4,Clear,On Time,2027,8,0.5,1,0.0029545020030145256,0.011896719957967426,0.0020305489868535634,0.5555555555555555
SHP10955,2027-08-14,South,Ship,Van,514.8,6.73,1,0.5,2148.41,3.6,Clear,On Time,2027,8,-0.5,0,0.01104881486454642,0.0076434236533313325,0.001838048048744585,0.0
SHP10956,2027-08-15,East,Rail,Container,220.8,6.03,4,6.4,1719.07,3.8,Clear,On Time,2027,8,2.4000000000000004,1,0.0045128962122795244,0.006767745002376842,0.0013009170110653196,0.5462962962962963
SHP10957,2027-08-16,North,Road,Bike,416.1952625,3.54,3,2.7,1681.18,4.2,Fog,On Time,2027,8,-0.2999999999999998,0,0.0088567313848589,0.0036528309439815857,0.0012535142649487982,0.20370370370370372
SHP10958,2027-08-17,North,Rail,Truck,188.6,11.09,3,3.9,2214.89,4.1,Clear,On Time,2027,8,0.8999999999999999,1,0.0037970575027455305,0.01309765067927644,0.0019212186626750775,0.31481481481481477
SHP10959,2027-08-18,West,Air,Container,799.8,2.95,4,5.9,3308.15,4.0,Rain,Cancelled,2027,8,1.9000000000000004,1,0.017384654374396985,0.002914758938177087,0.0032889549049381654,0.5
SHP10960,2027-08-19,North,Road,Truck,614.5,11.08,1,1.7,2862.88,3.5,Fog,Delayed,2027,8,0.7,1,0.013265247142202917,0.013085140984262805,0.0027318944466825945,0.1111111111111111
SHP10961,2027-08-20,East,Road,Truck,278.7,7.6,4,5.0,1863.92,3.8,Clear,Cancelled,2027,8,1.0,1,0.00580007202849127,0.008731767119517626,0.0014821333682830066,0.41666666666666663
SHP10962,2027-08-21,South,Ship,Truck,802.2,7.06,5,6.4,9042.39,4.0,Clear,On Time,2027,8,1.4000000000000004,1,0.017438008812374676,0.008056243588781304,0.010462845717585373,0.5462962962962963
SHP10963,2027-08-22,South,Road,Bike,714.0,8.06,5,4.6,3848.57,3.1,Clear,On Time,2027,8,-0.40000000000000036,0,0.015477233216694605,0.009307213090144862,0.003965053929912844,0.3796296296296296
SHP10964,2027-08-23,South,Rail,Bike,188.8,15.31,2,1.9,2472.37,3.7,Fog,On Time,2027,8,-0.10000000000000009,0,0.003801503705910338,0.018376741975030652,0.002243342153571936,0.12962962962962962
SHP10965,2027-08-24,South,Rail,Container,927.2,9.47,6,6.7,3437.36,4.3,Clear,On Time,2027,8,0.7000000000000002,1,0.020216885790379308,0.011071080087067479,0.0034506046496126375,0.5740740740740741
SHP10966,2027-08-25,West,Road,Container,262.4,7.71,4,3.9,1792.74,3.2,Clear,On Time,2027,8,-0.10000000000000009,0,0.005437706470559465,0.008869373764667617,0.001393082762092085,0.31481481481481477
SHP10967,2027-08-26,South,Road,Van,289.8,0.93,6,5.1,1797.95,4.8,Rain,Cancelled,2027,8,-0.9000000000000004,0,0.006046836304138082,0.00038780054542270266,0.0013996007960658799,0.4259259259259259
SHP10968,2027-08-27,East,Road,Bike,62.6,15.72,3,4.2,2111.68,4.8,Rain,Cancelled,2027,8,1.2000000000000002,1,0.0009959495089168604,0.01888963947058971,0.0017920965347604247,0.34259259259259256
SHP10969,2027-08-28,East,Road,Van,217.6,1.88,4,5.9,975.37,3.2,Clear,On Time,2027,8,1.9000000000000004,1,0.004441756961642605,0.0015762215717180813,0.0003705020655161748,0.5
SHP10970,2027-08-29,Unknown,Road,Truck,313.4,2.41,6,7.4,1285.07,4.9,Clear,On Time,2027,8,1.4000000000000004,1,0.006571488277585356,0.0022392354074407665,0.0007579560236129478,0.6388888888888888
SHP10971,2027-08-30,Central,Ship,Truck,427.5,12.0,6,7.9,2214.32,3.9,Clear,On Time,2027,8,1.9000000000000004,1,0.009108047183107985,0.014236032925517277,0.001920505557230728,0.6851851851851851
SHP10972,2027-08-31,West,Road,Container,142.2,7.17,3,2.9,1922.01,4.3,Clear,On Time,2027,8,-0.10000000000000009,0,0.0027655383685102107,0.008193850233931297,0.0015548075704975416,0.2222222222222222
SHP10973,2027-09-01,North,Rail,Container,195.7,1.95,2,1.6,1561.31,3.7,Clear,On Time,2027,9,-0.3999999999999999,0,0.003954897715096193,0.0016637894368135306,0.0011035494410641994,0.10185185185185186
SHP10974,2027-09-02,North,Road,Truck,940.1,4.52,3,3.6,4958.9,4.6,Storm,On Time,2027,9,0.6000000000000001,1,0.020503665894509387,0.0048787810553178705,0.005354145803640935,0.28703703703703703
SHP10975,2027-09-03,South,Ship,Truck,684.0,15.18,3,4.6,2572.39,4.3,Clear,On Time,2027,9,1.5999999999999996,1,0.014810302741973494,0.018214115939853386,0.0023684733931225955,0.3796296296296296
SHP10976,2027-09-04,East,Road,Container,765.9,7.9,3,4.3,2763.2,3.5,Fog,On Time,2027,9,1.2999999999999998,1,0.01663102293796213,0.009107057969926693,0.0026071885682741784,0.3518518518518518
SHP10977,2027-09-05,North,Road,Truck,332.4,7.3,2,2.4,3783.07,3.2,Rain,On Time,2027,9,0.3999999999999999,1,0.00699387757824206,0.008356476269108558,0.003883109356921761,0.1759259259259259
SHP10978,2027-09-06,East,Ship,Container,436.2,4.11,5,6.9,2406.09,3.1,Clear,On Time,2027,9,1.9000000000000004,1,0.009301457020777108,0.004365883559758813,0.0021604217520780583,0.5925925925925926
SHP10979,2027-09-07,East,Ship,Bike,522.3,12.28,1,2.2,3550.58,4.1,Rain,On Time,2027,9,1.2000000000000002,1,0.011215547483226698,0.014586304385899073,0.0035922499099798203,0.1574074074074074
SHP10980,2027-09-08,South,Road,Truck,931.4,6.55,4,4.5,6023.36,4.4,Clear,Cancelled,2027,9,0.5,1,0.020310256056840264,0.007418249143085891,0.0066858514550316075,0.37037037037037035
SHP10981,2027-09-09,West,Ship,Truck,93.8,10.79,2,1.5,800000.0,4.4,Storm,On Time,2027,9,-0.5,0,0.001689557202626817,0.012722359828867371,1.0,0.09259259259259259
SHP10982,2027-09-10,North,Road,Container,234.6,3.79,3,4.0,1796.31,3.9,Fog,In Transit,2027,9,1.0,1,0.004819684230651235,0.003965573319322475,0.001397549054085645,0.32407407407407407
SHP10983,2027-09-11,North,Road,Container,409.5,25.02,1,2.6,2819.92,3.2,Clear,In Transit,2027,9,1.6,1,0.008707888898275317,0.030523655833270782,0.002678148815297908,0.19444444444444445
SHP10984,2027-09-12,West,Road,Van,367.6,17.02,2,3.1,1818.05,3.6,Clear,Cancelled,2027,9,1.1,1,0.007776409335248166,0.020515899822362328,0.0014247471459455862,0.24074074074074073
SHP10985,2027-09-13,East,Road,Bike,193.8,7.84,5,7.2,1722.52,4.7,Clear,In Transit,2027,9,2.2,1,0.0039126587850305235,0.00903199979984488,0.001305233175596911,0.6203703703703703
SHP10986,2027-09-14,West,Air,Truck,492.8,9.07,6,8.3,3369.24,3.7,Clear,Delayed,2027,9,2.3000000000000007,1,0.010559732516417605,0.010570692286522056,0.0033653822937019097,0.7222222222222222
SHP10987,2027-09-15,South,Road,Van,241.7,4.55,2,2.8,2322.6,4.1,Clear,In Transit,2027,9,0.7999999999999998,1,0.004977524443001899,0.004916310140358778,0.0020559705704135452,0.21296296296296294
SHP10988,2027-09-16,South,Road,Container,349.2,11.37,3,2.7,2869.78,3.3,Clear,On Time,2027,9,-0.2999999999999998,0,0.007367358644085883,0.013447922139658236,0.002740526775745778,0.20370370370370372
SHP10989,2027-09-17,West,Air,Bike,478.4,1.08,3,2.4,2076.1,4.2,Rain,On Time,2027,9,-0.6000000000000001,0,0.01023960588855147,0.0005754459706272362,0.0017475837422867948,0.1759259259259259
SHP10990,2027-09-18,West,Air,Truck,416.1952625,19.87,6,6.0,2091.17,3.7,Clear,Cancelled,2027,9,0.0,0,0.0088567313848589,0.024081162901248468,0.0017664372493856597,0.5092592592592592
SHP10991,2027-09-19,West,Road,Container,581.5,10.93,5,6.6,4097.8,4.7,Fog,In Transit,2027,9,1.5999999999999996,1,0.012531623620009695,0.01289749555905827,0.004276856157799375,0.5648148148148148
SHP10992,2027-09-20,South,Rail,Van,651.6,3.23,3,5.8,2468.51,4.5,Fog,Cancelled,2027,9,2.8,1,0.014090017829274694,0.003265030398558883,0.0022385130535452864,0.4907407407407407
SHP10993,2027-09-21,East,Road,Truck,199.6,19.55,4,4.7,2548.11,3.7,Clear,In Transit,2027,9,0.7000000000000002,1,0.004041598676809938,0.02368085266081213,0.0023380976033176566,0.3888888888888889
SHP10994,2027-09-22,South,Air,Truck,240.4,23.64,5,6.5,2682.16,3.9,Fog,In Transit,2027,9,1.5,1,0.00494862412243065,0.028797317921389076,0.0025058024889581874,0.5555555555555555
SHP10995,2027-09-23,North,Rail,Bike,160.0,9.41,1,1.0,3389.29,3.6,Clear,Delayed,2027,9,0.0,0,0.0031612504501780706,0.010996021916985664,0.003390466090472463,0.046296296296296294
SHP10996,2027-09-24,Central,Ship,Truck,343.7,800.0,3,4.1,2958.42,3.1,Clear,In Transit,2027,9,1.0999999999999996,1,0.007245088057053679,1.0,0.0028514209276531005,0.33333333333333326
SHP10997,2027-09-25,North,Road,Truck,427.3,7.38,6,7.4,1792.79,3.4,Rain,On Time,2027,9,1.4000000000000004,1,0.009103600979943179,0.008456553829217643,0.0013931453152012385,0.6388888888888888
SHP10998,2027-09-26,Central,Road,Truck,268.5,10.35,5,3.4,1583.66,4.1,Clear,Cancelled,2027,9,-1.6,0,0.005573315667086092,0.012171933248267408,0.0011315106808558136,0.2685185185185185
SHP10999,2027-09-27,East,Road,Bike,419.2,8.88,4,4.2,2899.41,4.2,Rain,In Transit,2027,9,0.20000000000000018,1,0.008923529751768477,0.01033300808126298,0.0027775957482301405,0.34259259259259256
